GEOID,NAMELSAD,ALAND,lihtc_projects,lihtc_units_total,lihtc_units_li,lihtc_latest_pis,hud_202prac_units,hud_811prac_units,hud_hcv_units,hud_modrehab_units,hud_pbs8_units,hud_pubhsg_units,hud_all_units,hca_count,org_count,org_names,nez_overlap_frac,nez_present,institutional_parcel_count,small_investor_count,total_sfr_parcels,institutional_pct,top_owner_1,top_owner_2,top_owner_3
48113015900,Census Tract 159,5703840,1.0,200.0,200.0,2006.0,0,0,95,0,112,0,207,0.0,0.0,,0.0,False,6,103,465,1.29,TRICON SFR 2020 2,2018 1 IH BORROWER LP,MAF PROPERTIES LLC
48113012604,Census Tract 126.04,2510513,0.0,0.0,0.0,,0,0,54,0,0,0,54,0.0,0.0,,0.0,False,3,54,426,0.704,SEASONED STRUCTURES LLC,PATH ACQUISITIONS TRS LLC,TRICON SFR 2024-4 BORROWER LLC
48113013010,Census Tract 130.10,1404466,0.0,0.0,0.0,,0,0,1,0,0,0,1,0.0,0.0,,0.0,False,4,28,210,1.905,BT SFRL I LLC,GARLAND MAIN STREET JV LLC,WH1 LLC
48113013622,Census Tract 136.22,1249629,0.0,0.0,0.0,,0,0,0,0,0,0,0,0.0,0.0,,0.0,False,0,14,259,0.0,,,
48113013621,Census Tract 136.21,910824,0.0,0.0,0.0,,0,0,9,0,0,0,9,0.0,0.0,,0.0,False,0,5,95,0.0,,,
48113014135,Census Tract 141.35,1696499,0.0,0.0,0.0,,0,0,1,0,0,0,1,0.0,0.0,,0.0,False,1,53,771,0.13,BYPASS TRUST,,
48113014134,Census Tract 141.34,2372406,0.0,0.0,0.0,,0,0,1,0,0,0,1,0.0,0.0,,0.0,False,1,90,1165,0.086,ARNS INVESTMENTS LLC,,
48113016626,Census Tract 166.26,3362239,0.0,0.0,0.0,,0,0,114,0,0,0,114,0.0,0.0,,0.0,False,99,192,1225,8.082,SRP SUB LLC,BAF ASSETS LLC,PROGRESS RESIDENTIAL BORROWER
48113016621,Census Tract 166.21,4660271,0.0,0.0,0.0,,0,0,51,0,0,0,51,0.0,0.0,,0.0,False,99,167,1753,5.647,PROGRESS RESIDENTIAL,CERBERUS SFR HOLDINGS LP,PROGRESS RESIDENTIAL BORROWER
48113016623,Census Tract 166.23,14892228,0.0,0.0,0.0,,0,0,56,0,0,0,56,0.0,0.0,,0.0,False,148,243,3381,4.377,PROGRESS RESIDENTIAL,BLOOMFIELD HOMES LP,ALTO ASSET COMPANY 1 LLC
48113018142,Census Tract 181.42,4085086,0.0,0.0,0.0,,0,0,44,0,0,0,44,0.0,0.0,,0.0,False,36,161,1584,2.273,TOBIAS RENTAL PROPERTIES LLC,SWH 2017 1 BORROWER LP,2018 1 IH BORROWER LP
48113018141,Census Tract 181.41,1916335,1.0,268.0,268.0,1991.0,0,0,232,0,0,0,232,0.0,0.0,,0.0,False,3,37,226,1.327,PR BORROWER 26 LLC,CSH PROPERTY ONE LLC,SRP SUB LLC
48113018137,Census Tract 181.37,2508326,0.0,0.0,0.0,,0,0,65,0,0,0,65,0.0,0.0,,0.0,False,27,104,1114,2.424,SRP SUB LLC,PROGRESS RESIDENTIAL,20191 IH BORROWER LP
48113018138,Census Tract 181.38,2601553,1.0,152.0,152.0,1995.0,39,0,78,0,39,0,156,0.0,0.0,,0.0,False,107,56,715,14.965,CASTLEGLEN HOMES LLC,BOBTOWN VILLAS PROPERTY LLC,AMH 2014 2 BORROWER LLC
48113018140,Census Tract 181.40,5945639,1.0,138.0,138.0,2017.0,0,0,87,0,0,0,87,0.0,0.0,,0.0,False,31,159,1887,1.643,HON III LLC,2018 4 IH BORROWER LP,PEAK PROPERTIES LP
48113019042,Census Tract 190.42,6558430,0.0,0.0,0.0,,0,0,13,0,0,0,13,0.0,0.0,,0.0,False,3,105,1462,0.205,SEVEN POINTS BORROWER LLC,CERBERUS SFR HOLDINGS LP,PR BORROWER 26 LLC
48113019050,Census Tract 190.50,3798802,0.0,0.0,0.0,,0,0,0,0,0,0,0,0.0,0.0,,0.0,False,6,62,1082,0.555,OP SPE PHX1 LLC,OPENDOOR PROPERTY TRUST I,TCHARYKOW INVESTMENTS LLC
48113019052,Census Tract 190.52,1470953,0.0,0.0,0.0,,0,0,0,0,0,0,0,0.0,0.0,,0.0,False,0,0,0,0.0,,,
48113019053,Census Tract 190.53,3283601,0.0,0.0,0.0,,0,0,0,0,0,0,0,0.0,0.0,,0.0,False,0,0,0,0.0,,,
48113019039,Census Tract 190.39,4532728,0.0,0.0,0.0,,0,0,54,0,0,0,54,0.0,0.0,,0.0,False,11,165,1824,0.603,VM PRONTO LLC,TRICON SFR 2020 2,FZ HOMES LLC
48113019213,Census Tract 192.13,643507,2.0,404.0,303.0,1999.0,0,0,302,0,0,0,302,0.0,0.0,,0.0,False,0,0,0,0.0,,,
48113013726,Census Tract 137.26,1585064,0.0,0.0,0.0,,0,0,1,0,0,0,1,0.0,0.0,,0.0,False,0,45,734,0.0,,,
48113016624,Census Tract 166.24,7521371,1.0,80.0,0.0,2003.0,0,0,87,0,0,0,87,0.0,0.0,,0.0,False,95,111,1084,8.764,PROGRESS RESIDENTIAL,SFR JV 1 2021 1 BORROWER LLC,CERBERUS SFR HOLDINGS LP
48113016622,Census Tract 166.22,5383282,0.0,0.0,0.0,,0,0,109,0,0,0,109,0.0,0.0,,0.0,False,65,141,1046,6.214,PROGRESS RESIDENTIAL,AMH 2014 3 BORROWER LLC,FYR SFR BORROWER LLC
48113010903,Census Tract 109.03,2834378,1.0,112.0,112.0,1995.0,0,0,202,0,0,0,202,0.0,0.0,,0.9589091868859608,True,8,69,377,2.122,2018 1 IH BORROWER LP,RS RENTAL IIIA LLC,RESICAP TEXAS OWNER LLC
48113001703,Census Tract 17.03,678997,0.0,0.0,0.0,,0,0,0,0,0,0,0,0.0,0.0,,0.0,False,0,25,213,0.0,,,
48113019212,Census Tract 192.12,282125,1.0,244.0,244.0,1991.0,0,0,2,0,0,0,2,0.0,0.0,,0.0,False,0,0,0,0.0,,,
48113020300,Census Tract 203,3711752,1.0,220.0,165.0,2001.0,29,0,99,0,0,196,324,0.0,0.0,,0.4308817656949136,True,10,69,464,2.155,SAFNA REALTY LLC,GREAT INVESTMENTS LLC,DESOTO REAL ESTATE RESOURCE LLC
48113020500,Census Tract 205,5431612,2.0,360.0,360.0,2010.0,62,0,525,0,0,775,1362,0.0,1.0,Dallas Area Habitat for Humanity,0.5491002409969732,True,5,92,685,0.73,AMH 2015 1 BORROWER LLC,SFR TEXAS SUB 2024A LLC,AMH 2014 3 BORROWER LLC
48113020600,Census Tract 206,5323283,0.0,0.0,0.0,,0,0,0,0,0,0,0,0.0,0.0,,0.0,False,0,58,928,0.0,,,
48113020700,Census Tract 207,6008031,0.0,0.0,0.0,,0,0,6,0,0,0,6,0.0,0.0,,0.0,False,16,164,1627,0.983,MA COLUMBIAN OPERATING LLC,KHURRAM PROPERTIES LLC,BAF 4 LLC
48113012301,Census Tract 123.01,1732622,0.0,0.0,0.0,,0,0,1,0,0,2,3,0.0,0.0,,0.0,False,30,232,1226,2.447,FW PROPERTIES LLC,KHAKI INVESTMENTS LLC,GR SFR FUND II A LLC
48113012302,Census Tract 123.02,2386796,3.0,644.0,598.0,2005.0,0,0,321,0,167,0,488,0.0,0.0,,0.0,False,23,156,986,2.333,KHAKI INVESTMENTS LLC,GLENDORA PROPERTIES LLC,MNSF T2 SPE LLC
48113013626,Census Tract 136.26,702421,1.0,168.0,168.0,1996.0,0,0,1,0,0,0,1,0.0,0.0,,0.0,False,0,0,0,0.0,,,
48113011002,Census Tract 110.02,2780437,0.0,0.0,0.0,,0,0,10,0,0,0,10,0.0,0.0,,0.0,False,11,151,1245,0.884,PEAK GLOBAL ENTERPRISES LLC,RS RENTAL III A LLC,JDS HEAVENLY PLACE LLC
48113011101,Census Tract 111.01,4923611,0.0,0.0,0.0,,0,0,28,0,0,0,28,0.0,0.0,,0.0,False,57,177,1506,3.785,ALLIED CAPITAL LLC,FKH SFR C1 LP,SRP SUB LLC
48113011103,Census Tract 111.03,2132599,0.0,0.0,0.0,,0,0,11,0,0,0,11,0.0,0.0,,0.0,False,19,228,1239,1.533,SANTIBANEZ PROPERTIES LLC,JJR HOMES LLC,ALTO ASSET COMPANY 2 LLC
48113011104,Census Tract 111.04,1952401,0.0,0.0,0.0,,0,0,23,0,0,0,23,0.0,0.0,,0.0,False,33,193,1118,2.952,JJR HOMES LLC,JDS HEAVENLY PLACE LLC,CASAS PARA RENTAR LLC
48113011401,Census Tract 114.01,4260789,2.0,480.0,435.0,2023.0,0,0,355,0,290,0,646,0.0,0.0,,0.0,False,30,224,1155,2.597,RESICAP TEXAS OWNER LLC,WEST FORK PROPERTIES LLC,RESICAP TEXAS OWNER II LLC
48113018120,Census Tract 181.20,4875814,0.0,0.0,0.0,,0,0,19,0,0,0,19,0.0,0.0,,0.0,False,16,143,1458,1.097,HUYNH REVOCABLE LIVING TRUST,PROGRESS RESIDENTIAL,SCHUMAN LLC
48113013615,Census Tract 136.15,1197538,1.0,206.0,206.0,1996.0,0,0,8,0,0,0,8,0.0,0.0,,0.0,False,0,8,141,0.0,,,
48113013617,Census Tract 136.17,1820642,0.0,0.0,0.0,,0,0,0,0,0,0,0,0.0,0.0,,0.0,False,2,44,910,0.22,WH1 LLC,,
48113013619,Census Tract 136.19,2982510,0.0,0.0,0.0,,0,0,1,0,0,0,1,0.0,0.0,,0.0,False,1,85,1829,0.055,MILLENNIUM TRUST COMPANY LLC,,
48113018121,Census Tract 181.21,3422279,1.0,144.0,144.0,2012.0,0,0,63,0,0,0,63,0.0,0.0,,0.0,False,56,216,1700,3.294,CF KL ASSETS 20191 LLC,CF KL ASSETS 2019 1 LLC,CERBERUS SFR HOLDINGS LP
48113018126,Census Tract 181.26,3089453,0.0,0.0,0.0,,0,0,56,0,0,0,56,0.0,0.0,,0.0,False,62,285,2220,2.793,TCHARYKOW INVESTMENTS LLC,RH PARTNERS OWNERCO 2 LLC,LIVAY LLC
48113018127,Census Tract 181.27,1337269,0.0,0.0,0.0,,0,0,8,0,0,0,8,0.0,0.0,,0.0,False,11,107,837,1.314,TRUE DFW HOMES-1 LLC,SPECTRUM HOMES LLC,A & R TEXAS PROPERTIES LLC
48113013715,Census Tract 137.15,804143,0.0,0.0,0.0,,0,0,0,0,0,0,0,0.0,0.0,,0.0,False,5,88,645,0.775,SWH 2017 1 BORROWER LP,BAF ASSETS 3 LLC,RESICAP TEXAS OWNER III LLC
48113013716,Census Tract 137.16,3918829,0.0,0.0,0.0,,0,0,0,0,0,0,0,0.0,0.0,,0.0,False,8,172,1517,0.527,AES RE MANAGEMENT LLC,ARNS INVESTMENTS LLC,F Z HOMES LLC
48113013718,Census Tract 137.18,1122900,1.0,245.0,245.0,1995.0,0,0,43,0,0,0,43,0.0,0.0,,0.0,False,3,73,442,0.679,CF KL ASSETS 20191 LLC,ALLIED CAPITAL LLC,RESCOM INVESTMENT GROUP LLC
48113013719,Census Tract 137.19,4628606,0.0,0.0,0.0,,0,0,1,0,0,0,1,0.0,0.0,,0.0,False,3,49,812,0.369,RS XII NM DALLAS OWNER 1 LP,US SFE ASSET COMPANY 1 LLC,KAMY REAL PPTY TRUST
48113013720,Census Tract 137.20,2515777,0.0,0.0,0.0,,0,0,13,0,0,0,13,0.0,0.0,,0.0,False,13,125,1333,0.975,RESCOM INVESTMENT GROUP LLC,F Z HOMES LLC,A & R TEXAS PROPERTIES LLC
48113018128,Census Tract 181.28,1950196,0.0,0.0,0.0,,0,0,96,0,0,0,96,0.0,0.0,,0.0,False,29,180,1300,2.231,BCL REAL ESTATE LLC,CSMA FT LLC,TRICON SFR 2020 2
48113018129,Census Tract 181.29,4002178,0.0,0.0,0.0,,0,0,4,0,0,0,4,0.0,0.0,,0.0,False,18,109,1118,1.61,LAWLER DELMA 2020 TRUST,CERBERUS SFR HOLDINGS LP,SAVING GRACE#2 LLC
48113013721,Census Tract 137.21,3356114,0.0,0.0,0.0,,0,0,2,0,0,0,2,0.0,0.0,,0.0,False,16,118,2207,0.725,ARNS INVESTMENTS LLC,CBAR ASSET COMPANY LLC,FKH SFR PROPCO D LP
48113013722,Census Tract 137.22,3322672,0.0,0.0,0.0,,0,0,2,0,1,0,3,0.0,0.0,,0.0,False,3,53,367,0.817,BAF ASSETS 2 LLC,SRP SUB LLC,BAF ASSETS 5 LLC
48113013725,Census Tract 137.25,1839527,0.0,0.0,0.0,,0,0,4,0,0,0,4,0.0,0.0,,0.0,False,1,10,174,0.575,A & R TEXAS PROPERTIES LLC,,
48113013804,Census Tract 138.04,2170395,0.0,0.0,0.0,,0,0,2,0,0,0,2,0.0,0.0,,0.0,False,8,86,1079,0.741,F Z HOMES LLC,DPI RENTALS LLC,BAF ASSETS 6 LLC
48113013902,Census Tract 139.02,2518503,0.0,0.0,0.0,,0,0,1,0,0,0,1,0.0,0.0,,0.0,False,12,190,1422,0.844,FKH SFR C1 LP,CSMA FT LLC,GLENDORA PROPERTIES LLC
48113014001,Census Tract 140.01,3657802,0.0,0.0,0.0,,0,0,0,0,0,0,0,0.0,0.0,,0.0,False,2,102,1200,0.167,ARNS INVESTMENTS LLC,FZ HOMES LLC,
48113019040,Census Tract 190.40,5350032,0.0,0.0,0.0,,0,0,110,0,0,0,110,0.0,0.0,,0.0,False,0,72,727,0.0,,,
48113018506,Census Tract 185.06,7637375,0.0,0.0,0.0,,0,0,0,0,0,0,0,0.0,0.0,,0.0,False,0,0,0,0.0,,,
48113010904,Census Tract 109.04,7622014,3.0,788.0,698.0,2022.0,0,0,241,0,0,0,241,0.0,0.0,,0.2349999640821346,True,2,8,65,3.077,BT SFRL I LLC,A & R TEXAS PROPERTIES LLC,
48113014132,Census Tract 141.32,1151866,1.0,300.0,300.0,1995.0,0,0,225,0,0,0,225,0.0,0.0,,0.0,False,0,48,675,0.0,,,
48113018501,Census Tract 185.01,8899886,0.0,0.0,0.0,,0,0,6,0,0,0,6,0.0,0.0,,0.0,False,13,170,1156,1.125,CSMA FT LLC,KAMY REAL PPTY TRUST,PINNEBOG INVESTMENTS LLC
48113014119,Census Tract 141.19,3312067,0.0,0.0,0.0,,0,0,5,0,0,0,5,0.0,0.0,,0.0,False,5,135,1541,0.324,RS XII DALLAS OWNER 1 LP,S D HOME DESIGN LLC,OPENDOOR PROPERTY TRUST I
48113014120,Census Tract 141.20,3088207,0.0,0.0,0.0,,0,0,6,0,0,0,6,0.0,0.0,,0.0,False,6,181,1871,0.321,SFR II TEXAS SUB 2021 3 LLC,FYR SFR BORROWER LLC,BISMUTH PROPCO SERIES LLC
48113014123,Census Tract 141.23,6458186,0.0,0.0,0.0,,0,0,2,0,0,0,2,0.0,0.0,,0.0,False,2,100,1923,0.104,MILLENNIUM TRUST COMPANY LLC,IZENITH LLC,
48113014126,Census Tract 141.26,12384782,0.0,0.0,0.0,,0,0,2,0,0,0,2,0.0,0.0,,0.0,False,1,131,1975,0.051,HPA II TEXAS SUB 2020-1 ML LLC,,
48113014203,Census Tract 142.03,1657175,0.0,0.0,0.0,,0,0,0,0,0,0,0,0.0,0.0,,0.0,False,25,146,1016,2.461,NEPTUNE VENTURES LLC,WAVE ASSET MANAGEMENT LLC,A SQUARE FAMILY TRUST
48113014204,Census Tract 142.04,4828675,0.0,0.0,0.0,,0,0,12,0,0,0,12,0.0,0.0,,0.0,False,3,25,287,1.045,NEPTUNE VENTURES LLC,BLUESTONE FINANCE LLC,
48113014306,Census Tract 143.06,2318078,0.0,0.0,0.0,,0,0,5,0,0,0,5,0.0,0.0,,0.0,False,28,278,1524,1.837,NOSHI PROPERTIES LLC,SAJI ABRAHAM PROPERTIES LLC,ARNS INVESTMENTS LLC
48113012601,Census Tract 126.01,2215506,0.0,0.0,0.0,,0,0,7,0,0,6,13,0.0,0.0,,0.0,False,19,144,1057,1.798,TRUE DFW HOMES-1 LLC,RESIDENTIAL HOME OWNER 1 LLC,RESICAP TEXAS OWNER II LLC
48113012701,Census Tract 127.01,2804380,0.0,0.0,0.0,,1,0,128,0,200,0,329,0.0,0.0,,0.6894055125438219,True,36,310,1592,2.261,KHAKI INVESTMENTS LLC,GR SFR FUND II A LLC,ONE EVEN FLOW LLC
48113012702,Census Tract 127.02,1201965,0.0,0.0,0.0,,0,0,1,0,0,3,4,0.0,0.0,,0.9990344831339236,True,18,200,1011,1.78,GR SFR FUND II A LLC,KHAKI INVESTMENTS LLC,VICTORY HOUSING VESTERS LLC
48113012900,Census Tract 129,4747860,0.0,0.0,0.0,,0,0,0,0,0,0,0,0.0,0.0,,0.0,False,12,156,1883,0.637,MFHB TEXAS PROPCO II LLC,SWAN PROPERTIES LTD,BPHB ASSETCO LLC
48113014310,Census Tract 143.10,1881325,1.0,180.0,144.0,2005.0,0,0,275,0,0,0,275,0.0,0.0,,0.0,False,11,112,882,1.247,WAYSTAR HOLDINGS LLC,FF I BORROWER II LLC,ARMM ASSETS 2 LLC
48113014405,Census Tract 144.05,1839711,2.0,155.0,155.0,1992.0,0,0,22,0,49,0,71,0.0,0.0,,0.0,False,8,97,700,1.143,ARNS INVESTMENTS LLC,CERBERUS SFR HOLDINGS LP,HP TEXAS I LLC
48113014406,Census Tract 144.06,2025185,0.0,0.0,0.0,,0,0,0,0,0,0,0,0.0,0.0,,0.0,False,12,118,896,1.339,NOSHI PROPERTIES LLC,WAGONEER LLC,KHURRAM PROPERTIES LLC
48113014407,Census Tract 144.07,1720772,0.0,0.0,0.0,,0,0,9,0,0,0,9,0.0,0.0,,0.0,False,5,46,345,1.449,NOSHI PROPERTIES LLC,CSH PROPERTY ONE LLC,HOME SFR BORROWER LLC
48113014408,Census Tract 144.08,1813391,0.0,0.0,0.0,,0,0,7,0,0,0,7,0.0,0.0,,0.0,False,7,66,665,1.053,TRICON SFR 2020 2,SIRI SAI 27 LLC,22 SPYGLASS LLC
48113014309,Census Tract 143.09,681479,0.0,0.0,0.0,,0,0,5,0,0,0,5,0.0,0.0,,0.0,False,1,20,92,1.087,WEA INVESTMENTS LP,,
48113013620,Census Tract 136.20,1733152,0.0,0.0,0.0,,0,0,7,0,0,0,7,0.0,0.0,,0.0,False,207,0,208,99.519,BMIRF ESTANCIA LLC,,
48113006402,Census Tract 64.02,1332156,0.0,0.0,0.0,,0,0,1,0,0,0,1,0.0,0.0,,0.0,False,6,174,973,0.617,BOLTEX HOLDINGS LTD,NEW DIMENSION HOMES LLC,SPJ PORTFOLIO 2020 LLC
48113010804,Census Tract 108.04,1973916,3.0,576.0,576.0,2004.0,0,0,191,0,0,0,191,0.0,0.0,,0.0,False,2,90,433,0.462,CAZARES CASAS LLC,,
48113010805,Census Tract 108.05,3055486,2.0,225.0,221.0,2007.0,0,0,85,0,150,0,235,0.0,0.0,,0.0,False,149,147,1108,13.448,PC LUXAR LLC,RS RENTAL II LLC,RH PARTNERS OWNERCO LLC
48113006401,Census Tract 64.01,778638,0.0,0.0,0.0,,0,0,0,0,0,0,0,0.0,0.0,,0.0,False,1,142,663,0.151,JC LEASING LLP,,
48113013104,Census Tract 131.04,538242,0.0,0.0,0.0,,0,0,0,0,0,0,0,0.0,0.0,,0.0,False,1,9,152,0.658,WH1 LLC,,
48113019041,Census Tract 190.41,1248027,0.0,0.0,0.0,,0,0,12,0,0,0,12,0.0,0.0,,0.0,False,6,54,888,0.676,OPENDOOR PROPERTY TRUST I,5E REAL ESTATE LLC,WAVE ASSET MANAGEMENT LLC
48113007823,Census Tract 78.23,1609453,0.0,0.0,0.0,,0,0,0,0,0,0,0,0.0,0.0,,0.5558750363513811,True,0,27,299,0.0,,,
48113007822,Census Tract 78.22,1535099,0.0,0.0,0.0,,0,0,0,0,0,0,0,0.0,0.0,,0.6942115061522954,True,0,0,0,0.0,,,
48113007821,Census Tract 78.21,1303242,0.0,0.0,0.0,,0,0,7,0,0,0,7,0.0,1.0,Transformance,0.9899450635132548,True,0,0,0,0.0,,,
48113013011,Census Tract 130.11,991794,0.0,0.0,0.0,,0,0,78,0,0,0,78,0.0,0.0,,0.0,False,2,14,81,2.469,ALTO ASSET COMPANY 2 LLC,VSP DALLAS LLC,
48113007827,Census Tract 78.27,519248,0.0,0.0,0.0,,0,0,20,0,0,0,20,0.0,0.0,,0.0,False,0,1,2,0.0,,,
48113013005,Census Tract 130.05,1999227,0.0,0.0,0.0,,0,0,0,0,0,1,1,0.0,0.0,,0.0,False,17,89,1539,1.105,BPHB ASSETCO LLC,MFHB TEXAS PROPCO II LLC,ZHS INVESTMENTS LLC
48113013007,Census Tract 130.07,1581107,1.0,82.0,82.0,1990.0,0,0,8,0,0,0,8,0.0,0.0,,0.0,False,2,59,982,0.204,GLENDORA PROPERTIES LLC,SWAN PROPERTIES LTD,
48113013008,Census Tract 130.08,1806691,0.0,0.0,0.0,,0,0,0,0,0,0,0,0.0,0.0,,0.0,False,3,35,906,0.331,WH1 LLC,5E REAL ESTATE LLC,
48113013009,Census Tract 130.09,1743751,0.0,0.0,0.0,,0,0,0,0,0,0,0,0.0,0.0,,0.0,False,4,27,918,0.436,ARNS INVESTMENTS LLC,SRP SUB LLC,MILLER FAMILY TRUST
48113013101,Census Tract 131.01,2620901,0.0,0.0,0.0,,0,0,0,0,0,0,0,0.0,0.0,,0.0,False,2,49,886,0.226,S D HOME DESIGN LLC,AMNL ASSET COMPANY 1 LLC,
48113007826,Census Tract 78.26,591801,0.0,0.0,0.0,,0,0,1,0,0,0,1,0.0,0.0,,0.0001500978387796,False,0,4,86,0.0,,,
48113007824,Census Tract 78.24,1169518,0.0,0.0,0.0,,0,0,0,0,0,0,0,0.0,0.0,,0.0163879277278387,True,0,28,716,0.0,,,
48113007825,Census Tract 78.25,1781420,0.0,0.0,0.0,,0,0,19,0,0,0,19,0.0,0.0,,0.0,False,1,36,903,0.111,VM MASTER ISSUER LLC,,
48113013102,Census Tract 131.02,1358524,0.0,0.0,0.0,,0,0,0,0,0,0,0,0.0,0.0,,0.0,False,1,31,474,0.211,FF I BORROWER II LLC,,
48113014501,Census Tract 145.01,1873729,0.0,0.0,0.0,,0,0,10,0,0,0,10,0.0,0.0,,0.0,False,10,133,979,1.021,AGAS VENTURES LLC,ROYALAND PROPERTIES LLC,NEPTUNE VENTURES LLC
48113014502,Census Tract 145.02,1997685,1.0,58.0,50.0,2020.0,0,0,8,0,0,0,8,0.0,0.0,,0.0,False,11,116,817,1.346,MANGUSTA LLC,SABRAHAM PROPERTIES LLC,SORI INVESTMENTS LLC
48113014602,Census Tract 146.02,1947504,1.0,132.0,132.0,1994.0,0,0,10,0,0,0,10,0.0,0.0,,0.0,False,7,121,682,1.026,WAVE ASSET MANAGEMENT LLC,RESICAP TEXAS OWNER III LLC,SFR JV2 20242 BORROWER LLC
48113014701,Census Tract 147.01,1365100,0.0,0.0,0.0,,0,0,2,0,0,0,2,0.0,0.0,,0.0,False,4,87,508,0.787,FZ HOMES LLC,SEASONED STRUCTURES LLC,NOSHI PROPERTIES LLC
48113007910,Census Tract 79.10,497027,0.0,0.0,0.0,,0,0,0,0,0,0,0,0.0,0.0,,0.0,False,0,0,0,0.0,,,
48113007909,Census Tract 79.09,499418,0.0,0.0,0.0,,0,0,0,0,0,0,0,0.0,0.0,,0.0,False,0,0,0,0.0,,,
48113013806,Census Tract 138.06,5902443,0.0,0.0,0.0,,0,0,0,0,0,0,0,0.0,0.0,,0.0,False,0,16,190,0.0,,,
48113013727,Census Tract 137.27,5153212,0.0,0.0,0.0,,0,0,0,0,0,0,0,0.0,0.0,,0.0,False,16,51,758,2.111,URBAN INTOWNHOMES LLC,,
48113014205,Census Tract 142.05,2799708,0.0,0.0,0.0,,0,0,0,0,0,0,0,0.0,0.0,,0.0,False,1,36,682,0.147,EJO LIVING TRUST,,
48113016412,Census Tract 164.12,5505975,0.0,0.0,0.0,,0,0,5,0,0,0,5,0.0,0.0,,0.0,False,20,116,1477,1.354,20191 IH BORROWER LP,BISMUTH PROPCO SERIES LLC,2018 4 IH BORROWER LP
48113013300,Census Tract 133,2486041,0.0,0.0,0.0,,0,0,0,0,0,0,0,0.0,0.0,,0.0,False,0,45,804,0.0,,,
48113013400,Census Tract 134,2238796,0.0,0.0,0.0,,0,0,0,0,0,0,0,0.0,0.0,,0.0,False,1,47,784,0.128,GLENDORA PROPERTIES LLC,,
48113013500,Census Tract 135,2971705,0.0,0.0,0.0,,0,0,0,0,0,0,0,0.0,0.0,,0.0,False,2,37,906,0.221,TOWNSVILLE REALTY LLC,BYPASS TRUST,
48113013605,Census Tract 136.05,2812145,0.0,0.0,0.0,,0,0,2,0,0,0,2,0.0,0.0,,0.0,False,14,85,1854,0.755,WH1 LLC,FF I BORROWER II LLC,S D HOME DESIGN LLC
48113013606,Census Tract 136.06,2334540,0.0,0.0,0.0,,0,0,12,0,0,0,12,0.0,0.0,,0.0,False,5,106,1291,0.387,ZHS INVESTMENTS LLC,FF I BORROWER II LLC,S D HOME DESIGN LLC
48113013608,Census Tract 136.08,4490566,0.0,0.0,0.0,,0,0,0,0,0,0,0,0.0,0.0,,0.0,False,0,71,1045,0.0,,,
48113015202,Census Tract 152.02,1338141,0.0,0.0,0.0,,0,0,6,0,0,0,6,0.0,0.0,,0.0,False,8,91,592,1.351,A&R TEXAS PROPERTIES LLC,NOSHI PROPERTIES LLC,SABRAHAM PROPERTIES LLC
48113015205,Census Tract 152.05,1042093,0.0,0.0,0.0,,0,0,14,0,0,0,14,0.0,0.0,,0.0,False,7,108,690,1.014,STAR 2022 SFR3 BORROWER LP,WAGONEER LLC,A SQUARE FAMILY TRUST
48113015206,Census Tract 152.06,1445146,0.0,0.0,0.0,,0,0,1,0,0,0,1,0.0,0.0,,0.0,False,14,127,959,1.46,WAVE ASSET MANAGEMENT LLC,NOSHI PROPERTIES LLC,SABRAHAM PROPERTIES LLC
48113015303,Census Tract 153.03,5641649,0.0,0.0,0.0,,0,0,0,0,0,0,0,0.0,0.0,,0.0,False,10,8,69,14.493,SHIVERS TOWNHOMES LLC,,
48113015305,Census Tract 153.05,2035289,0.0,0.0,0.0,,0,0,27,0,0,0,27,0.0,0.0,,0.0,False,10,160,968,1.033,RESCOM INVESTMENT GROUP LLC,CHEVELLE LLC,BAF ASSETS 5 LLC
48113009101,Census Tract 91.01,3393611,0.0,0.0,0.0,,0,0,18,0,0,0,18,0.0,0.0,,0.0,False,22,226,1314,1.674,PATH ACQUISITIONS TRS LLC,FYR SFR BORROWER LLC,RED COLLAR CAPITAL LLC
48113009401,Census Tract 94.01,1587561,0.0,0.0,0.0,,0,0,0,0,0,1,1,0.0,0.0,,0.0,False,25,158,1295,1.931,HAWICK PROPERTIES LLC,TOWNSVILLE REALTY LLC,RS RENTAL II LLC
48113009402,Census Tract 94.02,1653022,0.0,0.0,0.0,,0,0,0,0,0,1,1,0.0,0.0,,0.0,False,6,78,1249,0.48,HAWICK PROPERTIES LLC,BPHB ASSETCO LLC,GLENDORA PROPERTIES LLC
48113009500,Census Tract 95,2725157,0.0,0.0,0.0,,0,0,0,0,0,0,0,0.0,0.0,,0.0,False,1,54,963,0.104,WH1 LLC,,
48113014124,Census Tract 141.24,11216848,0.0,0.0,0.0,,0,0,0,0,0,0,0,0.0,0.0,,0.0,False,1,89,1737,0.058,NEPTUNE VENTURES LLC,,
48113014209,Census Tract 142.09,1131054,0.0,0.0,0.0,,0,0,0,0,0,0,0,0.0,0.0,,0.0,False,0,7,165,0.0,,,
48113018508,Census Tract 185.08,229132,0.0,0.0,0.0,,0,0,19,0,0,0,19,0.0,0.0,,0.0,False,0,0,0,0.0,,,
48113015304,Census Tract 153.04,16990954,0.0,0.0,0.0,,0,0,0,0,0,0,0,0.0,0.0,,0.0,False,1,23,300,0.333,ARNS INVESTMENTS LLC,,
48113016406,Census Tract 164.06,1332048,0.0,0.0,0.0,,0,0,58,0,0,0,58,0.0,0.0,,0.0,False,18,110,752,2.394,M4 LEASING LP,TRICON SFR 2020 2,RESICAP TEXAS OWNER LLC
48113018205,Census Tract 182.05,1623865,0.0,0.0,0.0,,0,0,7,0,0,0,7,0.0,0.0,,0.0,False,16,124,869,1.841,TRICON SFR 2020 2,STAR 2021 SFR1 BORROWER LP,BT CAYMAN LLC
48113011500,Census Tract 115,15115739,2.0,323.0,323.0,2012.0,0,0,222,0,0,128,350,0.0,0.0,,0.0,False,40,115,600,6.667,SDMC INVESTMENTS LLC,RCGA LLC,MDD HOMES LLC
48113005902,Census Tract 59.02,1983917,0.0,0.0,0.0,,0,0,25,0,0,0,25,0.0,0.0,,0.0,False,13,160,972,1.337,REVEST PROPERTIES INVESTMENTS,PERSPECTIVE PLUS LLC,REVEST PROPERTIES
48113007601,Census Tract 76.01,2741482,0.0,0.0,0.0,,0,0,0,0,0,0,0,0.0,0.0,,0.0,False,1,60,799,0.125,JC LEASING LLP,,
48113007604,Census Tract 76.04,2620024,0.0,0.0,0.0,,0,0,0,0,0,0,0,0.0,0.0,,0.0,False,1,64,1225,0.082,MILLER FAMILY TRUST,,
48113007605,Census Tract 76.05,2547985,0.0,0.0,0.0,,0,0,0,0,0,0,0,0.0,0.0,,0.0,False,1,42,584,0.171,BROWN FAMILY TRUST,,
48113007801,Census Tract 78.01,2442663,0.0,0.0,0.0,,0,0,4,0,0,0,4,0.0,0.0,,0.0,False,1,42,818,0.122,BYPASS TRUST,,
48113007805,Census Tract 78.05,2692556,0.0,0.0,0.0,,0,0,3,0,251,0,254,0.0,0.0,,0.7150020576197795,True,3,141,1020,0.294,VSP DALLAS LLC,BTH RESIDENTIAL LLC,WHITE ORCHID HOLDING CO
48113004700,Census Tract 47,966092,0.0,0.0,0.0,,0,0,2,0,0,0,2,0.0,0.0,,0.0,False,0,66,262,0.0,,,
48113004800,Census Tract 48,1691169,0.0,0.0,0.0,,0,0,4,0,0,0,4,0.0,0.0,,0.0,False,3,72,294,1.02,BISMUTH BRIDGE PROPCO LLC,FZ HOMES LLC,NEW DIMENSION HOMES LLC
48113005000,Census Tract 50,1416298,0.0,0.0,0.0,,68,0,111,0,0,0,179,0.0,0.0,,0.0,False,4,158,732,0.546,JC LEASING LLP,FF I BORROWER II LLC,STAR BORROWER SFR4 LP
48113005100,Census Tract 51,986541,0.0,0.0,0.0,,0,0,1,0,0,0,1,0.0,0.0,,0.0,False,4,130,697,0.574,JC LEASING LLP,PC LO 2222 LLC,
48113005200,Census Tract 52,1490146,0.0,0.0,0.0,,0,0,4,0,0,0,4,0.0,0.0,,0.0,False,4,196,1102,0.363,NEW DIMENSION HOMES LLC,143 HOLDINGS LLC,FF I BORROWER II LLC
48113002500,Census Tract 25,4306777,1.0,150.0,150.0,2010.0,0,6,194,0,0,0,200,0.0,0.0,,0.0,False,11,315,1383,0.795,MUENNINK 35 HOLMES LLC,RCGA LLC,PAGAYA SMARTRESI F1 FUND
48113019019,Census Tract 190.19,1725225,1.0,168.0,168.0,2020.0,0,0,42,0,167,1,210,0.0,0.0,,3.4746956319413893e-06,False,20,70,717,2.789,LAS BRISAS PROPERTIES INC,GARLAND MAIN STREET JV LLC,AMERSON PROPERTIES LLC
48113005400,Census Tract 54,2645077,1.0,80.0,80.0,2007.0,0,0,48,0,0,0,48,0.0,0.0,,0.0,False,17,322,1639,1.037,JC LEASING LLP,CASH HOUSE BUYERS USA LLC,NEW DIMENSION HOMES LLC
48113005500,Census Tract 55,2710701,0.0,0.0,0.0,,0,0,16,0,0,0,16,0.0,0.0,,0.0,False,16,287,1361,1.176,SANTIBANEZ PROPERTIES LLC,NEW DIMENSION HOMES LLC,NED INVESTMENTS LLC
48113005300,Census Tract 53,2100610,0.0,0.0,0.0,,0,0,0,0,0,0,0,0.0,0.0,,0.0,False,18,374,1997,0.901,JC LEASING LLP,BOLTEX HOLDINGS LTD,FF I BORROWER II LLC
48113005600,Census Tract 56,2445756,0.0,0.0,0.0,,0,0,5,0,0,0,5,0.0,0.0,,0.0,False,16,384,1857,0.862,FME PROPERTIES LLC,SANTIBANEZ PROPERTIES LLC,NOSHI PROPERTIES LLC
48113013624,Census Tract 136.24,658874,0.0,0.0,0.0,,0,0,0,0,0,0,0,0.0,0.0,,0.0,False,0,0,0,0.0,,,
48113005700,Census Tract 57,2841998,1.0,45.0,0.0,2015.0,0,0,65,0,0,0,65,0.0,0.0,,0.0,False,27,355,1744,1.548,FME PROPERTIES LLC,A BETTER PLACE LLC,RESICAP TEXAS OWNER II LLC
48113007815,Census Tract 78.15,1273816,0.0,0.0,0.0,,0,0,14,0,0,0,14,0.0,0.0,,0.8411470804709618,True,0,2,13,0.0,,,
48113007819,Census Tract 78.19,689384,0.0,0.0,0.0,,0,0,12,0,0,0,12,0.0,0.0,,0.6039868734097988,True,0,0,0,0.0,,,
48113007902,Census Tract 79.02,3003169,0.0,0.0,0.0,,0,0,7,0,0,0,7,0.0,0.0,,0.6948633241739838,True,7,159,1767,0.396,OLERIO HOMES LLC,FF I BORROWER II LLC,MILLER FAMILY TRUST
48113002200,Census Tract 22,1651595,0.0,0.0,0.0,,0,0,97,0,116,0,213,0.0,0.0,,0.0,False,0,21,202,0.0,,,
48113002400,Census Tract 24,1207749,0.0,0.0,0.0,,0,0,16,0,0,0,16,0.0,0.0,,0.0,False,3,173,677,0.443,TOP MONEY LLC,SPJ PORTFOLIO 2020 LLC,638 TURNER LLC
48113008000,Census Tract 80,5855428,0.0,0.0,0.0,,0,0,0,0,0,0,0,0.0,0.0,,2.139794545569535e-06,False,4,143,2800,0.143,OLERIO HOMES LLC,TAYLOR LIVING TRUST,RESCOM INVESTMENT GROUP LLC
48113008200,Census Tract 82,2792555,0.0,0.0,0.0,,0,0,4,0,0,0,4,0.0,0.0,,0.1702078642349846,True,10,103,1185,0.844,DOMINUS PROPERTIES INC,ZHS INVESTMENTS LLC,KHAKI INVESTMENTS LLC
48113019018,Census Tract 190.18,1471279,0.0,0.0,0.0,,0,2,81,0,0,0,84,0.0,0.0,,0.0,False,1,53,748,0.134,FF I BORROWER II LLC,,
48113015700,Census Tract 157,3459861,0.0,0.0,0.0,,0,0,2,0,0,0,2,0.0,0.0,,0.0,False,4,103,587,0.681,MAF PROPERTIES LLC,A SQUARE FAMILY TRUST,
48113016001,Census Tract 160.01,1587451,0.0,0.0,0.0,,0,0,7,0,0,0,7,0.0,0.0,,0.0,False,17,240,1204,1.412,KAMY REAL PPTY TRUST,PC LO 2222 LLC,AMERSON PROPERTIES LLC
48113016002,Census Tract 160.02,1585905,0.0,0.0,0.0,,0,0,11,0,0,0,11,0.0,0.0,,0.0,False,4,76,477,0.839,SRP SUB LLC,TRICON SFR 2020 2,ROYALAND PROPERTIES LLC
48113016100,Census Tract 161,6617821,2.0,234.0,187.0,2005.0,0,0,54,0,111,0,164,0.0,0.0,,0.0,False,40,120,910,4.396,COSMIC EL PASO ON THE PARK LLC,LAND LINK REALTY LLC,TVU HOLDINGS LLC
48113016201,Census Tract 162.01,1929905,0.0,0.0,0.0,,0,0,28,0,0,0,28,0.0,0.0,,0.0,False,18,148,1017,1.77,AMH 2014 1 BORROWER LLC,AMH 2015 2 BORROWER LLC,RS RENTAL IIIA LLC
48113016301,Census Tract 163.01,3614361,0.0,0.0,0.0,,0,0,15,0,0,0,15,0.0,0.0,,0.0,False,34,283,1950,1.744,AMH 2014 2 BORROWER LLC,FYR SFR BORROWER LLC,BAF ASSETS LLC
48113016410,Census Tract 164.10,4234709,1.0,93.0,61.0,2020.0,0,0,13,0,0,0,13,0.0,0.0,,0.0,False,21,139,1381,1.521,SWH 2017 1 BORROWER LP,AMH 2015-1 BORROWER LLC,AMERICAN RESIDENTIAL LEASING COMPANY LLC
48113016302,Census Tract 163.02,860045,0.0,0.0,0.0,,0,0,4,0,0,0,4,0.0,0.0,,0.0,False,5,84,477,1.048,BT CAYMAN LLC,RESICAP TEXAS OWNER II LLC,VALLEY VIEW PROPERTIES INC
48113016511,Census Tract 165.11,1694306,0.0,0.0,0.0,,0,0,86,0,0,9,95,0.0,0.0,,0.0,False,92,223,1416,6.497,SFR JV 1 2020 1 BORROWER LLC,BAF ASSETS LLC,2018 4 IH BORROWER LP
48113016615,Census Tract 166.15,2481690,0.0,0.0,0.0,,0,0,90,0,0,0,90,0.0,0.0,,0.0,False,86,140,1131,7.604,PROGRESS RESIDENTIAL,CERBERUS SFR HOLDINGS LP,RH PARTNERS OWNERCO LLC
48113016616,Census Tract 166.16,11614357,0.0,0.0,0.0,,0,0,101,0,0,0,101,0.0,0.0,,0.0,False,126,240,1901,6.628,PROGRESS RESIDENTIAL,CF KL ASSETS 2019I LLC,AMH 2014 1 BORROWER LLC
48113018111,Census Tract 181.11,2715343,1.0,250.0,150.0,1998.0,0,0,146,0,0,0,146,0.0,0.0,,0.0,False,43,227,1585,2.713,MNSF II W1 LLC,BT CAYMAN LLC,CERBERUS SFR HOLDINGS LP
48113016638,Census Tract 166.38,3449205,0.0,0.0,0.0,,0,0,6,0,0,0,6,0.0,0.0,,0.0,False,7,44,507,1.381,BLOOMFIELD HOMES LP,,
48113013630,Census Tract 136.30,292256,0.0,0.0,0.0,,0,0,2,0,0,0,2,0.0,0.0,,0.0,False,0,0,0,0.0,,,
48113011701,Census Tract 117.01,4769940,0.0,0.0,0.0,,0,0,21,0,0,4,25,0.0,0.0,,0.0,False,19,305,1604,1.185,RYAN TIMOTHY I LIVING TRUST,ZWJ LLC,MIDARY INVESTMENTS LLC
48113011702,Census Tract 117.02,5492636,0.0,0.0,0.0,,0,0,95,0,0,1,96,0.0,0.0,,0.0,False,16,326,1496,1.07,WEST FORK PROPERTIES LLC,RESICAP TEXAS OWNER II LLC,FYR SFR BORROWER LLC
48113012000,Census Tract 120,2551715,4.0,752.0,488.0,2015.0,0,0,258,0,1,0,259,0.0,0.0,,0.0,False,45,286,1305,3.448,BRAVADA INVESTMENTS LLC,BREWER FAMILY TRUST,RESIDENTIAL HOME OWNER 1 LLC
48113012206,Census Tract 122.06,2631364,0.0,0.0,0.0,,0,0,1,0,0,3,4,0.0,0.0,,0.0,False,9,164,1837,0.49,PATH ACQUISITIONS TRS LLC,GARLAND JCC LLC,PR BORROWER 26 LLC
48113012207,Census Tract 122.07,5418279,1.0,318.0,318.0,2016.0,1,0,86,0,0,0,87,0.0,0.0,,0.0,False,20,125,1089,1.837,PATH ACQUISITIONS TRS LLC,NOSHI PROPERTIES LLC,RESIDENTIAL HOME OWNER 1 LLC
48113012208,Census Tract 122.08,1037011,2.0,379.0,349.0,2006.0,0,0,223,0,0,0,223,0.0,0.0,,0.0,False,0,1,14,0.0,,,
48113010704,Census Tract 107.04,5439795,2.0,514.0,514.0,2021.0,0,0,104,0,246,0,350,0.0,1.0,Builders of Hope CDC,0.0,False,3,154,745,0.403,2018 4 IH BORROWER LP,D&C ASSET HOLDING LLC,2018 1 IH BORROWER LP
48113980100,Census Tract 9801,5549416,0.0,0.0,0.0,,0,0,0,0,0,0,0,0.0,0.0,,0.0,False,0,0,0,0.0,,,
48113000605,Census Tract 6.05,537957,0.0,0.0,0.0,,0,0,37,0,0,0,37,0.0,0.0,,0.0,False,1,3,69,1.449,HOME SFR BORROWER IV LLC,,
48113016407,Census Tract 164.07,1936252,0.0,0.0,0.0,,0,0,36,0,0,0,36,0.0,0.0,,0.0,False,22,180,1222,1.8,TRICON SFR 2020 2,WAYSTAR HOLDINGS LLC,RESICAP TEXAS OWNER LLC
48113007101,Census Tract 71.01,1183153,0.0,0.0,0.0,,0,0,0,0,0,0,0,0.0,0.0,,0.0,False,1,23,473,0.211,HUDSON HENLEY PROPERTIES,,
48113018002,Census Tract 180.02,1469842,0.0,0.0,0.0,,0,0,14,0,0,0,14,0.0,0.0,,0.0,False,33,136,926,3.564,PR BORROWER 26 LLC,TRUE DFW HOMES-1 LLC,GLENDORA PROPERTIES LLC
48113009105,Census Tract 91.05,1394850,0.0,0.0,0.0,,53,0,4,0,0,0,57,0.0,0.0,,0.0,False,9,172,954,0.943,ROBERT ANTHONY HOLDINGS LLC,STAR 2021 SFR1 BORROWER LP,THREE TIMES BETTER LLC
48113012210,Census Tract 122.10,1174023,0.0,0.0,0.0,,0,0,86,0,171,0,257,0.0,0.0,,0.0,False,15,35,416,3.606,GARLAND MAIN STREET JV LLC,,
48113009610,Census Tract 96.10,1270010,1.0,224.0,224.0,1995.0,0,0,5,0,0,0,5,0.0,0.0,,0.0,False,0,0,0,0.0,,,
48113014121,Census Tract 141.21,3798143,0.0,0.0,0.0,,0,0,15,0,0,0,15,0.0,0.0,,0.0,False,56,37,653,8.576,OAKS ESTATES OF COPPELL LLC,,
48113004201,Census Tract 42.01,2569176,0.0,0.0,0.0,,0,0,1,0,0,0,1,0.0,0.0,,0.0,False,3,117,1043,0.288,JC LEASING LLP,BLUESTONE FINANCE LLC,FZ HOMES LLC
48113017102,Census Tract 171.02,29422621,0.0,0.0,0.0,,0,0,11,0,0,0,11,0.0,0.0,,0.0,False,204,282,1786,11.422,CZ GA I LLC,CZ GA 1 LLC,CAMDEN HOMES LLC
48113011105,Census Tract 111.05,1526080,0.0,0.0,0.0,,0,0,44,0,0,0,44,0.0,0.0,,0.0,False,21,107,737,2.849,JDS HEAVENLY PLACE LLC,JUSTIN STATE PROPERTIES LLC,FKH SFR C1 LP
48113005901,Census Tract 59.01,2864752,0.0,0.0,0.0,,0,0,15,0,0,0,15,0.0,0.0,,0.0,False,25,368,2010,1.244,TOP MONEY LLC,CAVADIAN PROPERTIES LLC,CS85 PROPERTIES LLC
48113006001,Census Tract 60.01,1188588,0.0,0.0,0.0,,0,0,16,0,0,0,16,0.0,0.0,,0.0,False,4,140,719,0.556,CASH HOUSE BUYERS USA LLC,SANTIBANEZ PROPERTIES LLC,CAVADIAN PROPERTIES LLC
48113006002,Census Tract 60.02,2334986,1.0,176.0,140.0,2004.0,0,0,198,0,0,0,198,0.0,0.0,,0.0,False,6,37,245,2.449,A & R TEXAS PROPERTIES LLC,PAGAYA SMARTRESI F1 FUND,REVEST PROPERTIES
48113006200,Census Tract 62,2808984,3.0,473.0,472.0,2016.0,0,0,125,0,45,0,170,0.0,0.0,,0.0,False,3,233,1308,0.229,VICTORY HOUSING VESTERS LLC,TX PROPERTY SALES LLC,RESCOM INVESTMENT GROUP LLC
48113006301,Census Tract 63.01,2549959,0.0,0.0,0.0,,0,0,1,0,0,1,2,0.0,0.0,,0.0,False,6,321,1641,0.366,MAR MAR INVESTMENTS LLC,JC LEASING LLP,NOSHI PROPERTIES LLC
48113006302,Census Tract 63.02,1646368,0.0,0.0,0.0,,0,0,0,0,0,0,0,0.0,0.0,,0.0,False,5,217,1353,0.37,MAR MAR INVESTMENTS LLC,MOONROCK PROPERTIES LLC,CR PROPERTYWISE LLC
48113006501,Census Tract 65.01,1372359,0.0,0.0,0.0,,0,0,2,0,0,0,2,0.0,0.0,,0.0,False,10,245,1322,0.756,MAR MAR INVESTMENTS LLC,JYLC LP,TVU HOLDINGS LLC
48113006502,Census Tract 65.02,1688019,0.0,0.0,0.0,,0,0,2,0,0,0,2,0.0,0.0,,0.0,False,2,168,956,0.209,MAR MAR INVESTMENTS LLC,FITE REAL PROPERTY LLC,
48113011300,Census Tract 113,7695045,1.0,112.0,112.0,2012.0,0,0,92,0,0,0,92,0.0,0.0,,0.0,False,80,262,1910,4.188,CP ML 2024 TRM SFR LLC,FKH SFR C1 LP,TIMOTHY PROPERTIES LLC
48113002100,Census Tract 21,990769,0.0,0.0,0.0,,0,0,164,0,0,0,164,0.0,0.0,,0.0,False,0,0,0,0.0,,,
48113001202,Census Tract 12.02,3147486,0.0,0.0,0.0,,0,0,13,0,0,0,13,0.0,0.0,,0.0,False,0,28,524,0.0,,,
48113001203,Census Tract 12.03,479384,0.0,0.0,0.0,,0,0,0,0,0,0,0,0.0,0.0,,0.0,False,1,42,481,0.208,CR PROPERTYWISE LLC,,
48113016903,Census Tract 169.03,133781549,0.0,0.0,0.0,,0,0,16,0,0,0,16,0.0,0.0,,0.0,False,17,230,1344,1.265,MOONROCK PROPERTIES LLC,ARMM ASSETS 2 LLC,RESICAP TEXAS OWNER LLC
48113016617,Census Tract 166.17,6044336,0.0,0.0,0.0,,0,0,12,0,0,0,12,0.0,0.0,,0.0,False,20,126,1697,1.179,HPA II TEXAS SUB 2020 1 LLC,SRP SUB LLC,HPA II TEXAS SUB 2020-1 ML LLC
48113008703,Census Tract 87.03,1427276,0.0,0.0,0.0,,0,0,13,0,0,0,13,0.0,0.0,,0.0,False,20,234,1220,1.639,STAR 2021 SFR1 BORROWER LP,SANTIBANEZ PROPERTIES LLC,A & R TEXAS PROPERTIES LLC
48113014002,Census Tract 140.02,21908924,0.0,0.0,0.0,,0,0,0,0,0,0,0,0.0,0.0,,0.0,False,14,47,1006,1.392,FIRST TEXAS HOMES LLC,MOONROCK PROPERTIES LLC,
48113012603,Census Tract 126.03,922005,0.0,0.0,0.0,,0,0,0,0,0,0,0,0.0,0.0,,0.0,False,14,104,669,2.093,FW PROPERTIES LLC,KHAKI INVESTMENTS LLC,GR SFR FUND II A LLC
48113014138,Census Tract 141.38,2721068,0.0,0.0,0.0,,0,0,0,0,0,0,0,0.0,0.0,,0.0,False,0,38,568,0.0,,,
48113014130,Census Tract 141.30,3632237,0.0,0.0,0.0,,0,0,68,0,0,0,68,0.0,0.0,,0.0,False,2,78,1257,0.159,ARNS INVESTMENTS LLC,A & R TEXAS PROPERTIES LLC,
48113007912,Census Tract 79.12,510365,0.0,0.0,0.0,,0,0,0,0,0,0,0,0.0,0.0,,0.0,False,0,0,0,0.0,,,
48113013805,Census Tract 138.05,569996,0.0,0.0,0.0,,0,0,1,0,0,0,1,0.0,0.0,,0.0,False,0,0,0,0.0,,,
48113016521,Census Tract 165.21,19156522,0.0,0.0,0.0,,0,0,64,0,0,3,67,0.0,0.0,,0.0,False,22,106,1011,2.176,SFR JV1 20191 BORROWER LLC,2018 4 IH BORROWER LP,PROGRESS DALLAS LLC
48113018505,Census Tract 185.05,477214,0.0,0.0,0.0,,0,0,32,0,0,0,32,0.0,0.0,,0.0,False,0,0,0,0.0,,,
48113980000,Census Tract 9800,26609569,0.0,0.0,0.0,,0,0,0,0,0,0,0,0.0,0.0,,0.0,False,0,0,0,0.0,,,
48113007913,Census Tract 79.13,605345,0.0,0.0,0.0,,0,0,8,0,0,0,8,0.0,0.0,,0.0,False,0,0,0,0.0,,,
48113018133,Census Tract 181.33,7205396,1.0,76.0,76.0,2020.0,0,0,61,0,0,0,61,0.0,0.0,,0.0,False,36,137,1272,2.83,BAF ASSETS LLC,WINDSOR HOMES CUMBERLAND LLC,SFR OWNER 2 LLC
48113020000,Census Tract 200,6859494,0.0,0.0,0.0,,0,0,3,0,0,0,3,0.0,0.0,,0.0,False,2,89,1431,0.14,MILLENNIUM TRUST COMPANY LLC,COMMON GROUND CAPITAL LLC,
48113018135,Census Tract 181.35,2902066,0.0,0.0,0.0,,0,0,95,0,0,0,95,0.0,0.0,,0.0,False,85,141,1541,5.516,MATTAMY TEXAS LLC,BEAZER HOMES TEXAS LP,BAF ASSETS LLC
48113008802,Census Tract 88.02,2495035,2.0,200.0,200.0,2016.0,0,0,14,0,199,0,213,0.0,1.0,Cornerstone Community Development Corporation,0.0,False,31,338,1805,1.717,SANTIBANEZ PROPERTIES LLC,FISHING FROM MY FRONT PORCH LLC,A BETTER PLACE LLC
48113009603,Census Tract 96.03,3526073,0.0,0.0,0.0,,0,0,16,0,0,0,16,0.0,0.0,,0.0,False,0,79,1342,0.0,,,
48113009604,Census Tract 96.04,2374785,0.0,0.0,0.0,,0,0,7,0,0,0,7,0.0,0.0,,0.0,False,3,65,962,0.312,CASA COCO PROPERTIES LLC,,
48113009605,Census Tract 96.05,1361976,0.0,0.0,0.0,,0,0,93,0,0,0,93,0.0,0.0,,0.0,False,3,85,574,0.523,JC LEASING LLP,STICKWIN ESTATES LLC,RS RENTAL II LLC
48113009607,Census Tract 96.07,2356316,0.0,0.0,0.0,,0,0,1,0,0,1,2,0.0,0.0,,0.0,False,3,124,1305,0.23,ZHS INVESTMENTS LLC,OLERIO HOMES LLC,RENTAL CHOICE NEXUS LLC
48113009608,Census Tract 96.08,2261407,0.0,0.0,0.0,,0,0,2,0,1,4,8,0.0,0.0,,0.0,False,6,73,1177,0.51,WH1 LLC,FF I BORROWER II LLC,OPENDOOR PROPERTY TRUST I
48113009609,Census Tract 96.09,2700092,0.0,0.0,0.0,,0,0,0,0,0,0,0,0.0,0.0,,0.0,False,5,63,1164,0.43,JHES INVESTMENTS LLC,WH1 LLC,CERBERUS SFR HOLDINGS LP
48113009611,Census Tract 96.11,1390772,0.0,0.0,0.0,,0,0,48,0,0,0,48,0.0,0.0,,0.0,False,38,112,851,4.465,HIJO SPE LLC,JHES INVESTMENTS LLC,FFA VILLAGE LLC
48113009702,Census Tract 97.02,1879773,0.0,0.0,0.0,,0,0,0,0,0,0,0,0.0,0.0,,0.0,False,7,90,1190,0.588,MFHB TEXAS PROPCO II LLC,TOWNSVILLE REALTY LLC,JHES INVESTMENTS LLC
48113009202,Census Tract 92.02,2778633,0.0,0.0,0.0,,0,0,9,0,0,1,10,0.0,0.0,,0.0,False,16,344,1524,1.05,KRL MANAGEMENT LLC,VM MASTER ISSUER LLC,DFW HOME SOLUTIONS LLC
48113009301,Census Tract 93.01,2722019,0.0,0.0,0.0,,0,0,4,0,0,0,4,0.0,0.0,,0.0,False,7,244,1222,0.573,ROBERT ANTHONY HOLDINGS LLC,DFW HOME SOLUTIONS LLC,PERSPECTIVE PLUS LLC
48113009304,Census Tract 93.04,2931843,3.0,666.0,374.0,2004.0,0,0,369,0,331,0,700,0.0,0.0,,0.0,False,56,140,825,6.788,AO PROPCO 1 LLC,RESICAP TEXAS OWNER LLC,RENTAL TRANSITION LLC
48113008500,Census Tract 85,2695036,0.0,0.0,0.0,,0,0,20,0,30,25,75,0.0,0.0,,0.0,False,11,237,1133,0.971,ROBERT ANTHONY HOLDINGS LLC,CURRAN PRICE LLC,PATH ACQUISITIONS TRS LLC
48113008604,Census Tract 86.04,1261731,0.0,0.0,0.0,,0,0,120,0,0,0,120,0.0,0.0,,0.0,False,4,68,332,1.205,GREENHOUSE CAPITAL LLC,SRMZ 2 LLC,RCGA LLC
48113008701,Census Tract 87.01,5211518,2.0,451.0,400.0,2000.0,0,0,230,0,164,0,395,0.0,0.0,,0.0,False,12,142,934,1.285,CAZARES CASAS LLC,ESN INVESTMENTS LLC,IMAP ACQ LLC
48113008704,Census Tract 87.04,2288538,0.0,0.0,0.0,,0,0,39,0,0,0,39,0.0,0.0,,0.0,False,9,150,804,1.119,ANGLEFORGE PROPERTIES LLC,CS85 PROPERTIES LLC,CAVADIAN PROPERTIES LLC
48113008801,Census Tract 88.01,2315960,2.0,229.0,229.0,2020.0,0,0,62,0,75,0,137,0.0,0.0,,0.0,False,16,145,923,1.733,DESOTO REAL ESTATE RESOURCE LLC,FONSECA HOLDINGS LLC,SANTIBANEZ PROPERTIES LLC
48113009802,Census Tract 98.02,1546654,0.0,0.0,0.0,,0,0,0,0,0,0,0,0.0,0.0,,0.0,False,14,172,974,1.437,RS RENTAL II LLC,MDD HOMES LLC,AES RE MANAGEMENT LLC
48113009104,Census Tract 91.04,1215502,0.0,0.0,0.0,,0,0,2,0,0,0,2,0.0,0.0,,0.0,False,12,187,937,1.281,PATH ACQUISITIONS TRS LLC,ROBERT ANTHONY HOLDINGS LLC,D&C ASSET HOLDING LLC
48113012211,Census Tract 122.11,1318895,0.0,0.0,0.0,,0,0,80,0,0,0,80,0.0,0.0,,0.0,False,8,43,357,2.241,SHADOW GLEN APTS LLC,J C LEASING LLP,TRICON SFR 2024-4 BORROWER LLC
48113012400,Census Tract 124,3053580,0.0,0.0,0.0,,0,0,0,0,0,3,3,0.0,0.0,,0.4537498464890146,True,18,223,2025,0.889,GR SFR FUND II A LLC,KHAKI INVESTMENTS LLC,DALLAS MOGUL INVESTMENTS LP
48113016513,Census Tract 165.13,5281302,0.0,0.0,0.0,,0,0,12,0,0,0,12,0.0,0.0,,0.0,False,27,152,1867,1.446,ALTO ASSET COMPANY 3 LLC,BAF ASSETS LLC,H&N FAMILY TRUST
48113016517,Census Tract 165.17,2671236,0.0,0.0,0.0,,0,0,60,0,0,0,60,0.0,0.0,,0.0,False,168,192,1278,13.146,900 TITLE JEFFERSON LLC,RS XII NM DALLAS OWNER 1 LP,STAR BORROWER SFR5 LP
48113016518,Census Tract 165.18,2535379,1.0,224.0,213.0,2007.0,0,0,136,0,23,0,159,0.0,0.0,,0.0,False,12,163,1275,0.941,143 HOLDINGS LLC,HAB PROPERTIES I LLC,RESICAP TEXAS OWNER LLC
48113016519,Census Tract 165.19,2710118,0.0,0.0,0.0,,0,0,4,0,0,0,4,0.0,0.0,,0.0,False,5,100,830,0.602,TAH MS BORROWER LLC,CERBERUS SFR HOLDINGS LP,JYLC LP
48113016607,Census Tract 166.07,1161445,1.0,192.0,192.0,1994.0,0,0,274,0,0,0,274,0.0,0.0,,0.0,False,0,0,0,0.0,,,
48113016610,Census Tract 166.10,2785280,0.0,0.0,0.0,,0,0,129,0,104,0,233,0.0,0.0,,0.0,False,53,122,1176,4.507,ALLIED CAPITAL LLC,RH PARTNERS OWNERCO LLC,PR BORROWER 26 LLC
48113013609,Census Tract 136.09,1795661,0.0,0.0,0.0,,1,0,8,0,0,0,9,0.0,0.0,,0.0,False,0,19,558,0.0,,,
48113013610,Census Tract 136.10,2796753,0.0,0.0,0.0,,0,0,2,0,0,0,2,0.0,0.0,,0.0,False,12,142,1240,0.968,RS RENTAL II LLC,SWAN PROPERTIES LTD,CASH HOUSE BUYERS USA LLC
48113013611,Census Tract 136.11,3924544,0.0,0.0,0.0,,0,0,0,0,0,0,0,0.0,0.0,,0.0,False,2,90,961,0.208,WH1 LLC,WILDCAT LENDING FUND ONE LP,
48113015306,Census Tract 153.06,4843711,0.0,0.0,0.0,,0,0,3,0,103,0,106,0.0,0.0,,0.0,False,38,142,1416,2.684,ASPEN SQUARE HOMES LLC,PHILIPOSE BB&B TRUST,NOSHI PROPERTIES LLC
48113015403,Census Tract 154.03,1078483,0.0,0.0,0.0,,0,0,12,0,0,0,12,0.0,0.0,,0.0,False,11,60,514,2.14,KM & MM REVOCABLE TRUST,AJ ESTATES LLC,SANTIBANEZ PROPERTIES LLC
48113015404,Census Tract 154.04,2423631,1.0,160.0,160.0,1999.0,0,0,57,0,0,0,57,0.0,0.0,,0.0,False,8,140,686,1.166,TVU HOLDINGS LLC,5E REAL ESTATE LLC,RENTAL CHOICE NEXUS LLC
48113015500,Census Tract 155,3642735,1.0,40.0,40.0,2022.0,0,0,17,0,39,0,56,0.0,0.0,,0.0,False,5,100,714,0.7,TRUE DFW HOMES-1 LLC,CAVADIAN PROPERTIES LLC,CERBERUS SFR HOLDINGS LP
48113015600,Census Tract 156,3173891,0.0,0.0,0.0,,0,0,4,0,0,0,4,0.0,0.0,,0.0,False,12,245,1225,0.98,MAF PROPERTIES LLC,HOUSTON VERNON LLC,ONE EVEN FLOW LLC
48113007914,Census Tract 79.14,855948,0.0,0.0,0.0,,0,0,1,0,0,0,1,0.0,0.0,,0.0,False,0,0,0,0.0,,,
48113013625,Census Tract 136.25,332656,0.0,0.0,0.0,,0,0,0,0,0,0,0,0.0,0.0,,0.0,False,0,0,0,0.0,,,
48113018134,Census Tract 181.34,3929530,0.0,0.0,0.0,,0,0,152,0,0,0,152,0.0,0.0,,0.0,False,69,181,1989,3.469,WINDSOR HOMES CUMBERLAND LLC,CSH PROPERTY ONE LLC,2018 4 IH BORROWER LP
48113017605,Census Tract 176.05,1046078,0.0,0.0,0.0,,0,0,12,0,0,7,19,0.0,0.0,,0.0,False,31,156,946,3.277,RESICAP TEXAS OWNER LLC,RS RENTAL IIIA LLC,RESICAP TEXAS OWNER III LLC
48113018144,Census Tract 181.44,2944495,0.0,0.0,0.0,,0,0,66,0,0,0,66,0.0,0.0,,0.0,False,39,105,1408,2.77,CERBERUS SFR HOLDINGS LP,INVITATION HOMES 7 LP,MYHOMESTEAD PARTNERS LLC
48113016524,Census Tract 165.24,14481761,0.0,0.0,0.0,,0,0,7,0,0,0,7,0.0,0.0,,0.0,False,8,129,1198,0.668,PCLO LLC,TRUE DFW HOMES-1 LLC,HPA II TEXAS SUB 2020 1 LLC
48113018146,Census Tract 181.46,2471492,0.0,0.0,0.0,,0,0,19,0,0,0,19,0.0,0.0,,0.0,False,10,81,1307,0.765,STICKWIN ESTATES LLC,FKH SFR PROPCO A LP,20191 IH BORROWER LP
48113018507,Census Tract 185.07,459539,0.0,0.0,0.0,,0,0,27,0,0,0,27,0.0,0.0,,0.0,False,0,0,0,0.0,,,
48113019045,Census Tract 190.45,873006,0.0,0.0,0.0,,0,0,16,0,0,0,16,0.0,0.0,,0.0,False,4,102,800,0.5,RESIDENTIAL RESERVICES LLC,REI NATION LLC,TX PROPERTY SALES LLC
48113019047,Census Tract 190.47,1461211,0.0,0.0,0.0,,0,0,30,0,0,0,30,0.0,0.0,,0.0,False,5,120,1207,0.414,REI NATION LLC,MITCHELL SFR LLC,ALNA IV LLC
48113012802,Census Tract 128.02,3032203,0.0,0.0,0.0,,0,0,5,0,0,0,5,0.0,0.0,,0.3023232300326476,True,27,192,1686,1.601,DOMINUS PROPERTIES INC,KHAKI INVESTMENTS LLC,SWAN PROPERTIES LTD
48113016530,Census Tract 165.30,4164190,0.0,0.0,0.0,,0,0,61,0,0,0,61,0.0,0.0,,0.0,False,64,124,1277,5.012,PROGRESS RESIDENTIAL,PROGRESS RESIDENTIAL BORROWER,BAF ASSETS LLC
48113008402,Census Tract 84.02,4251731,0.0,0.0,0.0,,0,0,1,0,0,1,2,0.0,0.0,,0.0,False,12,211,915,1.311,ASPEN ACQUISITIONS INC,MATEOWORKS LLC,RS RENTAL IIIA LLC
48113016531,Census Tract 165.31,1929092,0.0,0.0,0.0,,0,0,33,0,0,0,33,0.0,0.0,,0.0,False,20,141,985,2.03,HAB PROPERTIES I LLC,JYLC LP,PR BORROWER 26 LLC
48113019051,Census Tract 190.51,6496261,0.0,0.0,0.0,,0,0,12,0,0,0,12,0.0,0.0,,0.0,False,31,111,1975,1.57,SUNRISE INTEGRITY GROUP LLC,GARLAND MAIN STREET JV LLC,CAVADIAN PROPERTIES LLC
48113019216,Census Tract 192.16,2055240,0.0,0.0,0.0,,0,0,6,0,0,0,6,0.0,0.0,,0.0,False,14,175,1515,0.924,MNSF T2 SPE LLC,BAF ASSETS 6 LLC,BAF ASSETS 5 LLC
48113008101,Census Tract 81.01,1310386,0.0,0.0,0.0,,0,0,0,0,0,0,0,0.0,0.0,,0.0,False,0,7,75,0.0,,,
48113018151,Census Tract 181.51,4884340,0.0,0.0,0.0,,0,0,8,0,0,0,8,0.0,0.0,,0.0,False,36,93,1047,3.438,SERENE TOWN HOMES LLC,AMH 2014 3 BORROWER LLC,AMH 2014 2 BORROWER LLC
48113013202,Census Tract 132.02,2919980,1.0,100.0,75.0,2015.0,0,0,229,0,0,0,229,0.0,1.0,Navicore Solutions - Dallas,0.0,False,0,39,478,0.0,,,
48113013012,Census Tract 130.12,1363463,0.0,0.0,0.0,,0,0,0,0,0,122,122,0.0,0.0,,0.0,False,2,52,800,0.25,SWAN PROPERTIES LTD,SCHIMBAX INVESTMENTS LLC,
48113008102,Census Tract 81.02,4030303,0.0,0.0,0.0,,0,0,0,0,0,0,0,0.0,0.0,,0.0,False,1,192,2032,0.049,MFHB TEXAS PROPCO II LLC,,
48113016527,Census Tract 165.27,8488787,0.0,0.0,0.0,,0,0,34,0,0,3,37,0.0,0.0,,0.0,False,45,155,1386,3.247,PROGRESS RESIDENTIAL,PROGRESS RESIDENTIAL BORROWER 9 LLC,CERBERUS SFR HOLDINGS LP
48113000801,Census Tract 8.01,785984,2.0,141.0,123.0,2002.0,0,0,109,0,0,189,298,0.0,0.0,,0.0,False,13,63,381,3.412,EKCH LLC,MATEOWORKS LLC,GLENDORA PROPERTIES LLC
48113000902,Census Tract 9.02,421107,0.0,0.0,0.0,,0,0,85,0,48,0,133,0.0,0.0,,0.0,False,1,7,116,0.862,MILLENNIUM TRUST COMPANY LLC,,
48113014142,Census Tract 141.42,541432,1.0,204.0,204.0,1995.0,0,0,69,0,0,0,69,0.0,0.0,,0.0,False,0,12,132,0.0,,,
48113012801,Census Tract 128.01,1576534,0.0,0.0,0.0,,0,0,1,0,0,0,1,0.0,0.0,,0.2719499837648274,True,11,98,1067,1.031,BOLTEX HOLDINGS LTD,FKH SFR C1 LP,BAF ASSETS 6 LLC
48113021200,Census Tract 212,18522258,0.0,0.0,0.0,,0,0,12,0,0,0,12,0.0,0.0,,0.0,False,5,251,1179,0.424,MAF PROPERTIES LLC,CF KL ASSETS 2019I LLC,SORI INVESTMENTS LLC
48113007915,Census Tract 79.15,205665,0.0,0.0,0.0,,0,0,0,0,0,0,0,0.0,0.0,,0.0,False,0,0,0,0.0,,,
48113012502,Census Tract 125.02,1719020,0.0,0.0,0.0,,0,0,5,0,0,0,5,0.0,0.0,,0.3297215219306347,True,33,231,1308,2.523,KHAKI INVESTMENTS LLC,GR SFR FUND II A LLC,ARNS INVESTMENTS LLC
48113012501,Census Tract 125.01,1408701,0.0,0.0,0.0,,0,0,2,0,0,0,2,0.0,0.0,,0.0,False,16,228,1164,1.375,GR SFR FUND II A LLC,KHAKI INVESTMENTS LLC,SIGMOND LEGACY LLC
48113016635,Census Tract 166.35,2727272,5.0,1182.0,1180.0,2004.0,0,0,456,0,0,0,456,0.0,0.0,,0.0,False,0,0,0,0.0,,,
48113016534,Census Tract 165.34,4479580,0.0,0.0,0.0,,0,0,15,0,0,121,136,0.0,0.0,,0.3802721152752898,True,14,106,585,2.393,JYLC LP,PR BORROWER 26 LLC,RH PARTNERS OWNERCO 2 LLC
48113007702,Census Tract 77.02,1908831,0.0,0.0,0.0,,0,0,1,0,0,0,1,0.0,0.0,,0.0,False,0,47,774,0.0,,,
48113007830,Census Tract 78.30,152546,0.0,0.0,0.0,,0,0,14,0,0,0,14,0.0,0.0,,0.6140785215725172,True,0,0,0,0.0,,,
48113013808,Census Tract 138.08,3142557,0.0,0.0,0.0,,0,0,0,0,0,0,0,0.0,0.0,,0.0,False,2,83,993,0.201,KEVIN CLARE HOLDINGS LLC,NOSHI PROPERTIES LLC,
48113014704,Census Tract 147.04,2362360,0.0,0.0,0.0,,0,12,1,0,0,0,13,0.0,0.0,,0.0,False,7,128,887,0.789,CHEVELLE LLC,A & R TEXAS PROPERTIES LLC,WEA INVESTMENTS LP
48113007206,Census Tract 72.06,498795,0.0,0.0,0.0,,0,0,0,0,0,0,0,0.0,0.0,,0.0,False,0,1,2,0.0,,,
48113016420,Census Tract 164.20,1623257,0.0,0.0,0.0,,0,0,7,0,0,0,7,0.0,0.0,,0.0,False,24,138,942,2.548,SFR JV1 20191 BORROWER LLC,FYR SFR BORROWER LLC,CERBERUS SFR HOLDINGS LP
48113010001,Census Tract 100.01,7310455,1.0,100.0,75.0,2002.0,0,0,215,0,0,0,215,2.0,0.0,,0.0,False,24,84,352,6.818,BEMA LLC,J C LEASING LLP,JC LEASING LLP
48113007831,Census Tract 78.31,200959,0.0,0.0,0.0,,0,0,4,0,0,0,4,0.0,0.0,,0.9999999999999992,True,0,0,0,0.0,,,
48113016532,Census Tract 165.32,2942739,0.0,0.0,0.0,,0,0,9,0,0,0,9,0.0,0.0,,0.0,False,19,109,841,2.259,RESZI FUND IV DFW LP,ARMM ASSET COMPANY 2 LLC,JYLC LP
48113013807,Census Tract 138.07,1819453,0.0,0.0,0.0,,0,0,1,0,0,0,1,0.0,0.0,,0.0,False,9,119,1047,0.86,NOSHI PROPERTIES LLC,BAF ASSETS 5 LLC,LUTHER J BERNSTEIN LLC
48113014157,Census Tract 141.57,5948612,0.0,0.0,0.0,,0,0,0,0,0,0,0,0.0,0.0,,0.0,False,0,0,0,0.0,,,
48113014156,Census Tract 141.56,1526530,0.0,0.0,0.0,,0,0,2,0,0,0,2,0.0,0.0,,0.0,False,0,73,1240,0.0,,,
48113014141,Census Tract 141.41,370676,0.0,0.0,0.0,,0,0,1,0,0,0,1,0.0,0.0,,0.0,False,4,23,252,1.587,MOONROCK PROPERTIES LLC,CSH PROPERTY ONE LLC,FKH SFR PROPCO I LP
48113014314,Census Tract 143.14,2839246,0.0,0.0,0.0,,0,0,0,0,0,0,0,0.0,0.0,,0.0,False,1,27,524,0.191,SABRAHAM PROPERTIES LLC,,
48113014318,Census Tract 143.18,1485463,0.0,0.0,0.0,,0,0,0,0,0,0,0,0.0,0.0,,0.0,False,22,115,859,2.561,NEPTUNE VENTURES LLC,F Z HOMES LLC,SAJI ABRAHAM PROPERTIES LLC
48113014155,Census Tract 141.55,1039638,0.0,0.0,0.0,,0,0,0,0,0,0,0,0.0,0.0,,0.0,False,0,35,446,0.0,,,
48113014158,Census Tract 141.58,1967400,0.0,0.0,0.0,,0,0,0,0,0,0,0,0.0,0.0,,0.0,False,0,1,1,0.0,,,
48113014409,Census Tract 144.09,3617477,0.0,0.0,0.0,,0,0,0,0,0,0,0,0.0,0.0,,0.0,False,0,0,0,0.0,,,
48113014410,Census Tract 144.10,1553034,0.0,0.0,0.0,,0,0,4,0,0,0,4,0.0,0.0,,0.0,False,7,58,375,1.867,AMERICAN RESIDENTIAL LEASING CO LLC,SRP SUB LLC,
48113014316,Census Tract 143.16,1415618,0.0,0.0,0.0,,0,0,1,0,0,0,1,0.0,0.0,,0.0,False,32,217,1233,2.595,SABRAHAM PROPERTIES LLC,SIRI SAI 27 LLC,EJO LIVING TRUST
48113015406,Census Tract 154.06,2444081,0.0,0.0,0.0,,0,0,0,0,0,0,0,0.0,0.0,,0.0,False,6,62,904,0.664,OPENDOOR PROPERTY TRUST I,SFR II TEXAS SUB 2021 3 LLC,CERBERUS SFR HOLDINGS LP
48113014140,Census Tract 141.40,355124,0.0,0.0,0.0,,0,0,2,0,0,0,2,0.0,0.0,,0.0,False,0,20,211,0.0,,,
48113014154,Census Tract 141.54,1226037,0.0,0.0,0.0,,0,0,23,0,0,0,23,0.0,0.0,,0.0,False,27,142,846,3.191,MAAHI HOMES LLC,22 SPYGLASS LLC,SAJI ABRAHAM PROPERTIES LLC
48113014147,Census Tract 141.47,569259,0.0,0.0,0.0,,0,0,0,0,0,0,0,0.0,0.0,,0.0,False,0,0,0,0.0,,,
48113014153,Census Tract 141.53,2075305,0.0,0.0,0.0,,0,0,12,0,0,0,12,0.0,0.0,,0.0,False,31,149,1073,2.889,SAJI ABRAHAM PROPERTIES LLC,ARNS INVESTMENTS LLC,EJO LIVING TRUST
48113015101,Census Tract 151.01,2632102,0.0,0.0,0.0,,0,0,2,0,0,0,2,0.0,0.0,,0.0,False,20,136,1065,1.878,HOCKMAN MANAGEMENT LLC,MANGUSTA LLC,NECHIKADAN PROPERTIES LLC
48113015208,Census Tract 152.08,1052851,0.0,0.0,0.0,,0,0,2,0,0,0,2,0.0,0.0,,0.0,False,7,114,874,0.801,NECHIKADAN PROPERTIES LLC,PHILIPOSE BB&B TRUST,TRUE DFW HOMES-1 LLC
48113015002,Census Tract 150.02,6320110,0.0,0.0,0.0,,0,0,2,0,1,0,3,0.0,0.0,,0.0,False,11,126,753,1.461,KM & MM REVOCABLE TRUST,ARNS INVESTMENTS LLC,TRICON SFR 2020 2
48113014144,Census Tract 141.44,3513658,0.0,0.0,0.0,,0,0,6,0,0,0,6,0.0,0.0,,0.0,False,0,44,403,0.0,,,
48113014313,Census Tract 143.13,3569880,1.0,93.0,93.0,1995.0,0,0,51,0,0,0,51,0.0,0.0,,0.0,False,0,38,461,0.0,,,
48113014320,Census Tract 143.20,513877,0.0,0.0,0.0,,0,0,0,0,0,0,0,0.0,0.0,,0.0,False,0,9,87,0.0,,,
48113016634,Census Tract 166.34,11210380,1.0,100.0,100.0,2003.0,0,0,95,0,0,0,95,0.0,0.0,,0.0,False,5,166,719,0.695,ALNA IV LLC,BRAJOR VENTURES LLC,DALLAS MOGUL INVESTMENTS LP
48113007203,Census Tract 72.03,411031,2.0,137.0,130.0,1993.0,0,0,17,0,0,0,17,0.0,0.0,,0.0,False,0,0,0,0.0,,,
48113019215,Census Tract 192.15,2026012,0.0,0.0,0.0,,1,0,5,0,0,0,6,0.0,0.0,,0.0,False,5,125,1084,0.461,TIDEWALKER PROPERTIES LLC,STAR 2022 SFR3 BORROWER LP,FZ HOMES LLC
48113019214,Census Tract 192.14,843091,0.0,0.0,0.0,,0,0,6,0,0,0,6,0.0,0.0,,0.0,False,4,40,299,1.338,F Z HOMES LLC,RENTAL CHOICE NEXUS LLC,FF I BORROWER II LLC
48113013729,Census Tract 137.29,3080196,0.0,0.0,0.0,,0,0,0,0,0,0,0,0.0,0.0,,0.0,False,11,198,1308,0.841,MNSF T2 SPE LLC,STAR BORROWER SFR5 LP,KEVIN CLARE HOLDINGS LLC
48113002001,Census Tract 20.01,1646924,1.0,64.0,64.0,1996.0,0,0,12,0,0,0,12,0.0,0.0,,0.0,False,0,17,146,0.0,,,
48113010002,Census Tract 100.02,1775475,0.0,0.0,0.0,,0,0,0,0,0,0,0,0.0,0.0,,0.0,False,0,0,0,0.0,,,
48113000705,Census Tract 7.05,473389,0.0,0.0,0.0,,0,0,5,0,0,0,5,0.0,0.0,,0.0,False,0,6,50,0.0,,,
48113016636,Census Tract 166.36,2848771,0.0,0.0,0.0,,0,0,27,0,0,0,27,0.0,0.0,,0.0,False,30,86,837,3.584,TRICON SFR 2020 2,CERBERUS SFR HOLDINGS LP,AFFORDABLE RESIDENCES LLC
48113016528,Census Tract 165.28,4867436,0.0,0.0,0.0,,0,0,55,0,0,0,55,0.0,0.0,,0.0,False,49,105,1388,3.53,AMH 2014 1 BORROWER LLC,AMH 2014 2 BORROWER LLC,RH PARTNERS OWNERCO LLC
48113016526,Census Tract 165.26,1439332,0.0,0.0,0.0,,0,0,71,0,0,2,73,0.0,0.0,,0.0,False,44,149,1012,4.348,RESICAP TEXAS OWNER II LLC,TRICON SFR 2020 2,WARRIOR ACQUISITIONS LLC
48113016419,Census Tract 164.19,3942173,0.0,0.0,0.0,,0,0,31,0,0,0,31,0.0,0.0,,0.0,False,36,190,1647,2.186,CSH PROPERTY ONE LLC,TRICON SFR 2020 2,RESZI FUND IV DFW LP
48113016204,Census Tract 162.04,1867698,0.0,0.0,0.0,,0,0,8,0,0,0,8,0.0,0.0,,0.0,False,15,204,1199,1.251,CERBERUS SFR HOLDINGS LP,M4 LEASING LP,NORPEG PROPERTIES LLC
48113016536,Census Tract 165.36,2566838,0.0,0.0,0.0,,0,0,13,0,0,0,13,0.0,0.0,,0.0190414849001098,True,11,188,910,1.209,CF KL ASSETS 2019I LLC,JYLC LP,C FITZGERALD HOLDINGS LTD
48113000706,Census Tract 7.06,357428,0.0,0.0,0.0,,0,0,0,0,0,0,0,0.0,0.0,,0.0,False,0,1,12,0.0,,,
48113001901,Census Tract 19.01,554175,0.0,0.0,0.0,,0,0,0,0,0,0,0,0.0,2.0,Legal Aid of NorthWest Texas - Dallas; Dallas Eviction Advocacy Center,0.0,False,0,0,17,0.0,,,
48113001801,Census Tract 18.01,242287,0.0,0.0,0.0,,0,0,1,0,0,0,1,0.0,0.0,,0.0,False,0,0,5,0.0,,,
48113000703,Census Tract 7.03,538313,0.0,0.0,0.0,,0,0,2,0,0,0,2,0.0,0.0,,0.0,False,0,28,311,0.0,,,
48113001802,Census Tract 18.02,470125,0.0,0.0,0.0,,0,0,0,0,0,0,0,0.0,0.0,,0.0,False,0,0,0,0.0,,,
48113000610,Census Tract 6.10,390016,0.0,0.0,0.0,,0,0,0,0,0,0,0,0.0,0.0,,0.0,False,0,26,123,0.0,,,
48113000407,Census Tract 4.07,515989,0.0,0.0,0.0,,0,0,0,0,0,0,0,0.0,0.0,,0.0,False,1,42,257,0.389,JC LEASING LLP,,
48113000408,Census Tract 4.08,465628,0.0,0.0,0.0,,0,0,11,0,0,0,11,0.0,0.0,,0.0,False,0,13,197,0.0,,,
48113016533,Census Tract 165.33,12955222,0.0,0.0,0.0,,0,0,72,0,0,0,72,0.0,0.0,,0.0,False,6,102,651,0.922,PR BORROWER 26 LLC,PARENGKUAN GROUP LP,JYLC LP
48113016535,Census Tract 165.35,2611263,0.0,0.0,0.0,,0,0,10,0,0,0,10,0.0,0.0,,0.0,False,7,88,863,0.811,FYR SFR BORROWER LLC,KM & MM REVOCABLE TRUST,D&C ASSET HOLDING LLC
48113003103,Census Tract 31.03,512035,1.0,107.0,107.0,2012.0,0,0,272,0,0,0,272,0.0,0.0,,0.0,False,0,0,28,0.0,,,
48113010809,Census Tract 108.09,1951231,0.0,0.0,0.0,,0,0,22,0,0,1,23,0.0,0.0,,0.0,False,1,168,945,0.106,NOSHI PROPERTIES LLC,,
48113006701,Census Tract 67.01,1725081,0.0,0.0,0.0,,0,0,0,0,0,0,0,0.0,0.0,,0.0,False,5,132,624,0.801,FKH SFR PROPCO J LP,FYR SFR BORROWER LLC,2018 4 IH BORROWER LP
48113014149,Census Tract 141.49,639055,0.0,0.0,0.0,,0,0,0,0,0,0,0,0.0,0.0,,0.0,False,1,11,184,0.543,OPENDOOR PROPERTY TRUST I,,
48113007916,Census Tract 79.16,214578,0.0,0.0,0.0,,0,0,0,0,0,0,0,0.0,0.0,,0.0,False,0,0,0,0.0,,,
48113013631,Census Tract 136.31,144926,0.0,0.0,0.0,,0,0,10,0,0,0,10,0.0,0.0,,0.0,False,0,0,0,0.0,,,
48113013107,Census Tract 131.07,486059,0.0,0.0,0.0,,0,0,1,0,0,0,1,0.0,0.0,,0.0,False,0,0,0,0.0,,,
48113019049,Census Tract 190.49,1195517,0.0,0.0,0.0,,0,0,12,0,0,0,12,0.0,0.0,,0.0,False,11,122,952,1.155,FKH SFR C1 LP,CABALLERO HOLDINGS LTD,ILE HOLDINGS LLC
48113980200,Census Tract 9802,1005585,0.0,0.0,0.0,,0,0,0,0,0,0,0,0.0,0.0,,0.0,False,0,0,0,0.0,,,
48113018150,Census Tract 181.50,3493771,0.0,0.0,0.0,,0,0,72,0,0,0,72,0.0,0.0,,0.0,False,63,120,1304,4.831,ALISSA TOWNHOMES LLC,HON III LLC,CSH PROPERTY ONE LLC
48113016708,Census Tract 167.08,3466263,0.0,0.0,0.0,,0,0,43,0,0,0,43,0.0,0.0,,0.0,False,246,211,2165,11.363,MNF III W1 LLC,PROGRESS RESIDENTIAL,RH PARTNERS OWNERCO LLC
48113020800,Census Tract 208,3638651,1.0,264.0,264.0,2004.0,0,0,159,0,0,0,159,0.0,0.0,,0.0445649554537685,True,85,511,2440,3.484,RCGA LLC,SAFNA REALTY LLC,MDD HOMES LLC
48113000802,Census Tract 8.02,659950,1.0,293.0,293.0,1997.0,0,0,79,0,0,1,80,0.0,0.0,,0.0,False,2,34,124,1.613,PC LO 2222 LLC,BOLTEX HOLDINGS LTD,
48113001602,Census Tract 16.02,613664,1.0,22.0,22.0,1995.0,0,0,4,0,0,0,4,0.0,0.0,,0.0,False,1,73,528,0.189,OPENDOOR PROPERTY TRUST I,,
48113020401,Census Tract 204.01,1399355,0.0,0.0,0.0,,0,0,60,0,0,0,60,0.0,0.0,,0.0,False,0,8,48,0.0,,,
48113015207,Census Tract 152.07,1697006,0.0,0.0,0.0,,0,0,4,0,0,0,4,0.0,0.0,,0.0,False,21,153,1273,1.65,HOCKMAN MANAGEMENT LLC,MANGUSTA LLC,22 SPYGLASS LLC
48113015102,Census Tract 151.02,961180,0.0,0.0,0.0,,0,0,13,0,0,0,13,0.0,0.0,,0.0,False,10,61,470,2.128,IZENITH LLC,CHEVELLE LLC,WAGONEER LLC
48113015001,Census Tract 150.01,1955976,0.0,0.0,0.0,,0,0,6,0,0,0,6,0.0,0.0,,0.0,False,6,152,834,0.719,WEA INVESTMENTS LP,NOSHI PROPERTIES LLC,NECHIKADAN PROPERTIES LLC
48113014143,Census Tract 141.43,2383026,0.0,0.0,0.0,,0,0,1,0,0,0,1,0.0,0.0,,0.0,False,0,60,1036,0.0,,,
48113010906,Census Tract 109.06,2774930,0.0,0.0,0.0,,0,0,71,0,0,0,71,1.0,0.0,,0.2930150349554834,True,23,110,946,2.431,AMH 2014 1 BORROWER LLC,RESICAP TEXAS OWNER LLC,AMERSON PROPERTIES LLC
48113002002,Census Tract 20.02,746621,0.0,0.0,0.0,,0,11,42,0,0,0,53,0.0,0.0,,0.0,False,6,56,288,2.083,JC LEASING LLP,ONE EVEN FLOW LLC,A & R TEXAS PROPERTIES LLC
48113000607,Census Tract 6.07,472890,0.0,0.0,0.0,,0,0,2,0,0,0,2,0.0,0.0,,0.0,False,0,27,231,0.0,,,
48113016203,Census Tract 162.03,507822,1.0,418.0,418.0,1995.0,0,0,149,0,0,0,149,0.0,0.0,,0.0,False,0,7,89,0.0,,,
48113016421,Census Tract 164.21,3052290,0.0,0.0,0.0,,0,0,43,0,0,0,43,0.0,0.0,,0.0,False,20,159,1298,1.541,BISMUTH PROPCO SERIES LLC,FZ HOMES LLC,CSH PROPERTY ONE LLC
48113016414,Census Tract 164.14,893862,0.0,0.0,0.0,,0,0,24,0,0,0,24,0.0,0.0,,0.0,False,0,18,187,0.0,,,
48113000501,Census Tract 5.01,324538,0.0,0.0,0.0,,0,0,0,0,0,0,0,0.0,0.0,,0.0,False,0,1,47,0.0,,,
48113000503,Census Tract 5.03,235275,0.0,0.0,0.0,,0,0,6,0,0,0,6,0.0,0.0,,0.0,False,0,6,33,0.0,,,
48113000502,Census Tract 5.02,936133,0.0,0.0,0.0,,0,0,2,0,0,0,2,0.0,0.0,,0.0,False,1,18,135,0.741,HCP CAPITAL LLC,,
48113010905,Census Tract 109.05,500627,1.0,280.0,280.0,1996.0,0,0,229,0,0,0,229,0.0,0.0,,0.0,False,0,0,0,0.0,,,
48113000409,Census Tract 4.09,2966519,0.0,0.0,0.0,,0,0,10,0,0,0,10,0.0,1.0,BCL of Texas,0.0,False,0,11,51,0.0,,,
48113001902,Census Tract 19.02,671034,0.0,0.0,0.0,,0,0,0,0,0,0,0,0.0,0.0,,0.0,False,0,0,20,0.0,,,
48113000704,Census Tract 7.04,348350,0.0,0.0,0.0,,0,0,1,0,0,0,1,0.0,0.0,,0.0,False,0,0,0,0.0,,,
48113001705,Census Tract 17.05,940705,0.0,0.0,0.0,,0,0,184,0,0,0,184,0.0,0.0,,0.0,False,0,13,128,0.0,,,
48113000609,Census Tract 6.09,625532,0.0,0.0,0.0,,0,0,5,0,0,0,5,0.0,0.0,,0.0,False,1,29,423,0.236,JC LEASING LLP,,
48113000611,Census Tract 6.11,424167,1.0,100.0,85.0,2016.0,0,0,50,0,0,0,50,0.0,0.0,,0.0,False,1,9,56,1.786,FF I BORROWER II LLC,,
48113003102,Census Tract 31.02,465410,0.0,0.0,0.0,,0,0,9,0,0,0,9,0.0,0.0,,0.0,False,0,0,0,0.0,,,
48113010808,Census Tract 108.08,975291,0.0,0.0,0.0,,0,0,72,0,0,0,72,0.0,0.0,,0.0,False,11,82,516,2.132,RS RENTAL IIIA LLC,2310 ROCK STREET LLC,AO PROPCO 1 LLC
48113006702,Census Tract 67.02,945873,0.0,0.0,0.0,,0,0,0,0,0,0,0,0.0,0.0,,0.0,False,6,110,565,1.062,143 HOLDINGS LLC,PCLO 111123 LLC,ZHS INVESTMENTS LLC
48113010806,Census Tract 108.06,3039998,0.0,0.0,0.0,,0,0,5,0,0,0,5,0.0,0.0,,0.0,False,7,147,1234,0.567,VM MASTER ISSUER LLC,SBY  2014 I BORROWER LLC,HPA II TEXAS SUB 2020-1 ML LLC
48113011004,Census Tract 110.04,931480,0.0,0.0,0.0,,0,0,49,0,0,0,49,0.0,0.0,,0.0,False,5,60,353,1.416,RS RENTAL I LLC,TIMOTHY PROPERTIES LLC,VSP DALLAS LLC
48113011003,Census Tract 110.03,2432482,0.0,0.0,0.0,,0,0,12,0,0,0,12,0.0,0.0,,0.0,False,11,178,1631,0.674,RS RENTAL I LLC,EASTER A & M REVOCABLE TRUST,ROWI TX I LLC
48113013628,Census Tract 136.28,2776977,0.0,0.0,0.0,,0,0,0,0,0,0,0,0.0,0.0,,0.0,False,0,3,48,0.0,,,
48113013629,Census Tract 136.29,263242,0.0,0.0,0.0,,0,0,5,0,0,0,5,0.0,0.0,,0.0,False,0,0,0,0.0,,,
48113014145,Census Tract 141.45,170007,0.0,0.0,0.0,,0,0,16,0,0,0,16,0.0,0.0,,0.0,False,0,0,0,0.0,,,
48113016711,Census Tract 167.11,3744391,0.0,0.0,0.0,,82,0,100,0,0,0,182,0.0,0.0,,0.0,False,39,112,803,4.857,FYR SFR BORROWER LLC,WEST FORK PROPERTIES LLC,CERBERUS SFR HOLDINGS LP
48113011201,Census Tract 112.01,3654530,0.0,0.0,0.0,,0,0,211,0,0,0,211,0.0,0.0,,0.0,False,83,183,1105,7.511,CSH PROPERTY ONE LLC,CAMILLO PROPERTIES LTD,PEAK GLOBAL ENTERPRISES LLC
48113016707,Census Tract 167.07,2499497,0.0,0.0,0.0,,0,0,83,0,0,0,83,0.0,0.0,,0.0,False,77,142,1202,6.406,PROGRESS RESIDENTIAL,TRICON SFR 2020 2,CERBERUS SFR HOLDINGS LP
48113007829,Census Tract 78.29,1813665,0.0,0.0,0.0,,0,0,31,0,0,0,31,0.0,0.0,,0.7777411571501087,True,56,130,732,7.65,JDS HEAVENLY PLACE LLC,SAINT CATHERINE HOMES LLC,JJW PROPERTIES LLC
48113019044,Census Tract 190.44,1263286,0.0,0.0,0.0,,0,0,10,0,0,0,10,0.0,0.0,,0.0,False,4,141,1087,0.368,SAVOR PROPERTIES LLC,IHFC TEXAS LLC,TRICON SFR 2020 2
48113019046,Census Tract 190.46,1254111,0.0,0.0,0.0,,0,0,6,0,0,0,6,0.0,0.0,,0.0,False,12,162,1023,1.173,GLENDORA PROPERTIES LLC,ONE EVEN FLOW LLC,MATEOWORKS LLC
48113012212,Census Tract 122.12,1673750,0.0,0.0,0.0,,0,0,30,0,0,4,35,0.0,0.0,,0.0,False,10,95,754,1.326,RESIDENTIAL HOME OWNER 1 LLC,SCHIMBAX INVESTMENTS LLC,PCLO LLC
48113016706,Census Tract 167.06,1559257,0.0,0.0,0.0,,0,0,32,0,0,0,32,0.0,0.0,,0.0,False,36,97,667,5.397,ALLIED CAPITAL LLC,PROGRESS RESIDENTIAL,TRICON SFR 2020 2
48113019048,Census Tract 190.48,1366034,0.0,0.0,0.0,,0,0,11,0,0,0,11,0.0,0.0,,0.0,False,5,91,810,0.617,LURIMO CAPITAL LLC,AJ ESTATES LLC,TX PROPERTY SALES LLC
48113017816,Census Tract 178.16,1350094,0.0,0.0,0.0,,0,0,38,0,0,0,38,0.0,0.0,,0.0,False,16,83,683,2.343,A & R TEXAS PROPERTIES LLC,2018 4 IH BORROWER LP,ROBERT ANTHONY HOLDINGS LLC
48113007832,Census Tract 78.32,234574,0.0,0.0,0.0,,0,0,14,0,0,0,14,0.0,0.0,,0.9409478366156998,True,0,0,2,0.0,,,
48113018152,Census Tract 181.52,3614816,0.0,0.0,0.0,,0,0,17,0,0,0,17,0.0,0.0,,0.0,False,24,189,1681,1.428,SAVOR PROPERTIES LLC,CABB INVESTMENTS LLC,SWH 2017 1 BORROWER LP
48113000901,Census Tract 9.01,543353,0.0,0.0,0.0,,0,0,0,0,0,0,0,0.0,0.0,,0.0,False,3,25,232,1.293,NOSHI PROPERTIES LLC,TOWNSVILLE REALTY LLC,FF I BORROWER II LLC
48113000608,Census Tract 6.08,541486,0.0,0.0,0.0,,0,0,10,0,0,0,10,0.0,0.0,,0.0,False,0,11,207,0.0,,,
48113012213,Census Tract 122.13,1345991,0.0,0.0,0.0,,0,0,44,0,0,2,46,0.0,0.0,,0.0,False,7,54,979,0.715,CSH PROPERTY ONE LLC,SCHIMBAX INVESTMENTS LLC,A BETTER PLACE LLC
48113010807,Census Tract 108.07,2948040,0.0,0.0,0.0,,0,0,24,0,0,0,24,0.0,0.0,,0.0,False,205,103,905,22.652,CZ GS RENTAL 1 LLC,CZ GA I LLC,WEST KIEST HOMES LLC
48113016415,Census Tract 164.15,3411526,0.0,0.0,0.0,,0,0,20,0,0,0,20,0.0,0.0,,0.0,False,27,113,1436,1.88,SRP SUB LLC,SWH 2017 1 BORROWER LP,AMH 2014 2 BORROWER LLC
48113007701,Census Tract 77.01,733215,0.0,0.0,0.0,,0,0,0,0,0,0,0,0.0,0.0,,0.0,False,0,13,261,0.0,,,
48113013728,Census Tract 137.28,1388377,0.0,0.0,0.0,,0,0,4,0,0,0,4,0.0,0.0,,0.0,False,14,130,884,1.584,BAF ASSETS 5 LLC,FFA VILLAGE LLC,OPENDOOR PROPERTY TRUST I
48113010003,Census Tract 100.03,22306969,1.0,156.0,124.0,2005.0,0,0,25,0,0,0,25,1.0,2.0,Dallas County Home Loan Counseling Center; Catholic Charities of Dallas,0.0,False,0,1,6,0.0,,,
48113016418,Census Tract 164.18,4194961,0.0,0.0,0.0,,0,0,17,0,0,0,17,0.0,0.0,,0.0,False,54,121,1244,4.341,TRIBECA TOWNHOMES LP,AMH 2014 2 BORROWER LLC,PROGRESS RESIDENTIAL
48113013201,Census Tract 132.01,2736390,0.0,0.0,0.0,,0,0,1,0,0,0,1,0.0,0.0,,0.0,False,12,71,1049,1.144,CASA COCO PROPERTIES LLC,MOONROCK PROPERTIES LLC,
48113013106,Census Tract 131.06,428322,0.0,0.0,0.0,,0,0,1,0,0,0,1,0.0,0.0,,0.0,False,0,25,238,0.0,,,
48113016417,Census Tract 164.17,2706408,0.0,0.0,0.0,,0,7,45,0,0,0,52,0.0,0.0,,0.0,False,68,242,1964,3.462,TRICON SFR 2020 2,HOME SFR BORROWER LLC,FYR SFR BORROWER LLC
48113014146,Census Tract 141.46,233646,0.0,0.0,0.0,,0,0,0,0,0,0,0,0.0,0.0,,0.0,False,0,6,55,0.0,,,
48113013627,Census Tract 136.27,896111,0.0,0.0,0.0,,0,0,0,0,0,0,0,0.0,0.0,,0.0,False,0,0,0,0.0,,,
48113007205,Census Tract 72.05,388935,0.0,0.0,0.0,,0,0,0,0,0,0,0,0.0,0.0,,0.0,False,0,36,163,0.0,,,
48113007204,Census Tract 72.04,904000,0.0,0.0,0.0,,0,0,0,0,0,0,0,0.0,0.0,,0.0,False,1,55,201,0.498,BRIASHE MANAGEMENT LLC,,
48113000410,Census Tract 4.10,3054634,0.0,0.0,0.0,,0,0,25,0,0,0,25,0.0,0.0,,0.0,False,55,220,1120,4.911,7303 LOVEDALE LP,LOVEDALE HIGHLANDS II LLC,MOHAWK TOWNHOMES LLC
48113014160,Census Tract 141.60,2392229,0.0,0.0,0.0,,0,0,1,0,0,0,1,0.0,0.0,,0.0,False,11,53,638,1.724,HAMRA HOLDINGS LLC,BAF ASSETS 6 LLC,
48113016637,Census Tract 166.37,1961046,0.0,0.0,0.0,,0,0,40,0,0,0,40,0.0,0.0,,0.0,False,69,138,1060,6.509,PROGRESS RESIDENTIAL,ALLIED CAPITAL LLC,RH PARTNERS OWNERCO LLC
48113014159,Census Tract 141.59,5943447,0.0,0.0,0.0,,0,0,0,0,0,0,0,0.0,0.0,,0.0,False,0,28,888,0.0,,,
48113014150,Census Tract 141.50,1839780,0.0,0.0,0.0,,0,0,0,0,0,0,0,0.0,0.0,,0.0,False,0,35,502,0.0,,,
48113014152,Census Tract 141.52,984902,0.0,0.0,0.0,,0,0,0,0,0,0,0,0.0,0.0,,0.0,False,0,0,0,0.0,,,
48113014317,Census Tract 143.17,356668,0.0,0.0,0.0,,0,0,0,0,0,0,0,0.0,0.0,,0.0,False,1,5,77,1.299,NEPTUNE VENTURES LLC,,
48113014151,Census Tract 141.51,1818253,0.0,0.0,0.0,,0,0,0,0,0,0,0,0.0,0.0,,0.0,False,0,16,402,0.0,,,
48113014319,Census Tract 143.19,369103,0.0,0.0,0.0,,0,0,0,0,0,0,0,0.0,0.0,,0.0,False,0,0,0,0.0,,,
48113014148,Census Tract 141.48,2130466,0.0,0.0,0.0,,0,0,1,0,0,0,1,0.0,0.0,,0.0,False,0,54,276,0.0,,,
48113014315,Census Tract 143.15,1123804,0.0,0.0,0.0,,0,0,2,0,0,0,2,0.0,0.0,,0.0,False,20,74,551,3.63,NEPTUNE VENTURES LLC,NOSHI PROPERTIES LLC,FZ HOMES LLC
48113014161,Census Tract 141.61,1480807,0.0,0.0,0.0,,0,0,4,0,0,0,4,0.0,0.0,,0.0,False,0,0,27,0.0,,,
48113015405,Census Tract 154.05,4239056,0.0,0.0,0.0,,0,0,0,0,0,0,0,0.0,0.0,,0.0,False,1,56,606,0.165,AMERICAN HOMES 4 RENT PROPERTIES EIGHT LLC,,
48113014139,Census Tract 141.39,387693,0.0,0.0,0.0,,0,0,2,0,0,0,2,0.0,0.0,,0.0,False,0,5,54,0.0,,,
48113014903,Census Tract 149.03,2465839,0.0,0.0,0.0,,0,0,11,0,0,0,11,0.0,0.0,,0.0,False,4,116,756,0.529,DREAMS PROPERTIES LLC,HOCKMAN MANAGEMENT LLC,ARNS INVESTMENTS LLC
48113014208,Census Tract 142.08,702736,0.0,0.0,0.0,,0,0,66,0,0,0,66,0.0,0.0,,0.0,False,0,0,0,0.0,,,
48113016633,Census Tract 166.33,5142529,0.0,0.0,0.0,,0,0,13,0,0,0,13,0.0,0.0,,0.0,False,72,156,2055,3.504,SRP SUB LLC,BAF ASSETS LLC,RH PARTNERS OWNERCO LLC
48113011603,Census Tract 116.03,4950867,0.0,0.0,0.0,,0,0,5,0,0,0,5,0.0,0.0,,0.0,False,15,167,745,2.013,CZ GA I LLC,SFR JV 1 2021 1 BORROWER LLC,RESICAP TEXAS OWNER II LLC
48113014207,Census Tract 142.07,1080193,0.0,0.0,0.0,,0,0,0,0,0,0,0,0.0,0.0,,0.0,False,0,0,0,0.0,,,
48113017005,Census Tract 170.05,11207050,0.0,0.0,0.0,,0,0,25,0,0,0,25,0.0,0.0,,0.0,False,23,93,703,3.272,CERBERUS SFR HOLDINGS LP,PROGRESS RESIDENTIAL,FKH SFR C1 LP
48113017009,Census Tract 170.09,2434891,0.0,0.0,0.0,,0,0,1,0,0,0,1,0.0,0.0,,0.0,False,0,23,319,0.0,,,
48113017007,Census Tract 170.07,7385032,0.0,0.0,0.0,,0,0,10,0,0,0,10,0.0,0.0,,0.0,False,68,177,1379,4.931,HOME RENT 2 LLC,RESICAP TEXAS OWNER LLC,HENDRICKS FAMILY LIVING TRUST
48113017706,Census Tract 177.06,4036540,0.0,0.0,0.0,,0,0,53,0,0,0,53,0.0,0.0,,0.0,False,40,198,1609,2.486,BAF ASSETS LLC,SFR JV1 20191 BORROWER LLC,TRICON SFR 2020 2
48113017817,Census Tract 178.17,1327733,0.0,0.0,0.0,,0,0,1,0,0,0,1,0.0,0.0,,0.0,False,0,2,24,0.0,,,
48113018158,Census Tract 181.58,21339650,1.0,96.0,96.0,2014.0,0,0,62,0,0,0,62,0.0,0.0,,0.0,False,27,138,1084,2.491,TRICON SFR 2020 2,CERBERUS SFR HOLDINGS LP,OLYMPUS BORROWER LLC
48113017313,Census Tract 173.13,14604526,0.0,0.0,0.0,,0,0,145,0,0,0,145,0.0,0.0,,0.0,False,32,181,1053,3.039,PROGRESS RESIDENTIAL,SFR JV2 20242 BORROWER LLC,BAF ASSETS LLC
48113018154,Census Tract 181.54,3707299,0.0,0.0,0.0,,0,0,15,0,0,0,15,0.0,0.0,,0.0,False,15,106,1728,0.868,SAVOR PROPERTIES LLC,AMH 2015 1 BORROWER LLC,AMERICAN RESIDENTIAL LEASING CO LLC
48113018157,Census Tract 181.57,4267514,0.0,0.0,0.0,,0,0,42,0,0,0,42,0.0,0.0,,0.0,False,11,97,1428,0.77,PROGRESS RESIDENTIAL,AMH 2014 2 BORROWER LLC,AMH 2014 3 BORROWER LLC
48113018300,Census Tract 183,3834449,0.0,0.0,0.0,,0,0,7,0,0,0,7,0.0,0.0,,0.0,False,16,317,2016,0.794,GA INVESTMENTS LLC,NORPEG PROPERTIES LLC,MNSF T2 SPE LLC
48113018401,Census Tract 184.01,2477790,0.0,0.0,0.0,,0,0,13,0,0,0,13,0.0,0.0,,0.0,False,10,124,1061,0.943,STAR BORROWER SFR4 LP,CERBERUS SFR HOLDINGS LP,BT SFRL I LLC
48113018402,Census Tract 184.02,2466925,0.0,0.0,0.0,,0,0,7,0,0,0,7,0.0,0.0,,0.0,False,17,136,1268,1.341,CSMA FT LLC,GLENDORA PROPERTIES LLC,EDOM INVESTMENTS LLC
48113018403,Census Tract 184.03,836038,0.0,0.0,0.0,,0,0,0,0,0,0,0,0.0,0.0,,0.0,False,0,0,0,0.0,,,
48113018600,Census Tract 186,2550587,0.0,0.0,0.0,,0,0,0,0,0,0,0,0.0,0.0,,0.0,False,9,195,1368,0.658,SEASONED STRUCTURES LLC,HOMENOW LLC,COMMON GROUND CAPITAL LLC
48113018700,Census Tract 187,2673759,0.0,0.0,0.0,,0,0,35,0,0,0,35,0.0,0.0,,0.0,False,25,288,1514,1.651,GR SFR FUND LTD,NORPEG PROPERTIES LLC,HOMENOW LLC
48113018143,Census Tract 181.43,14300636,0.0,0.0,0.0,,0,0,58,0,0,0,58,0.0,0.0,,0.0,False,26,136,2172,1.197,MERRITT TOWNHOMES LLC,STAR 2022 SFR3 BORROWER LP,HON III LLC
48113019101,Census Tract 191.01,1368187,0.0,0.0,0.0,,0,0,0,0,0,0,0,0.0,0.0,,0.0,False,0,21,189,0.0,,,
48113016416,Census Tract 164.16,8428750,0.0,0.0,0.0,,0,0,24,0,0,0,24,0.0,0.0,,0.0,False,43,62,1104,3.895,GTVML LLC,AMERICAN RESIDENTIAL LEASING COMPANY LLC,AMERICAN HOMES 4 RENT PROPERTIES EIGHT LLC
48113016525,Census Tract 165.25,12218189,0.0,0.0,0.0,,0,0,2,0,0,0,2,0.0,0.0,,0.0,False,0,72,1019,0.0,,,
48113017818,Census Tract 178.18,1489427,0.0,0.0,0.0,,0,0,46,0,0,0,46,0.0,0.0,,0.0,False,28,57,624,4.487,ALNA IV LLC,TRICON SFR 2023 2 BORROWER LLC,CERBERUS SFR HOLDINGS LP
48113017705,Census Tract 177.05,1219624,1.0,352.0,299.0,2006.0,0,0,51,0,88,0,139,0.0,0.0,,0.0,False,28,58,366,7.65,SHELISA REAL ESTATE HOLDINGS LLC,JABESCH LLC,RSTK DALLAS OWNER 1 LP
48113016710,Census Tract 167.10,2818712,0.0,0.0,0.0,,0,0,34,0,0,0,34,0.0,0.0,,0.0,False,49,191,1583,3.095,FKH SFR C1 LP,RYAN TIMOTHY I LIVING TRUST,RESICAP TEXAS OWNER LLC
48113008401,Census Tract 84.01,2035917,0.0,0.0,0.0,,0,0,0,0,0,2,2,0.0,0.0,,0.0,False,26,296,1366,1.903,ASPEN ACQUISITIONS INC,MIDARY INVESTMENTS LLC,KHAKI INVESTMENTS LLC
48113018148,Census Tract 181.48,2309042,0.0,0.0,0.0,,0,0,24,0,0,0,24,0.0,0.0,,0.0,False,11,101,1003,1.097,TRICON SFR 2020 2,STICKWIN ESTATES LLC,FYR SFR BORROWER LLC
48113018156,Census Tract 181.56,2758051,0.0,0.0,0.0,,0,0,90,0,0,0,90,0.0,0.0,,0.0,False,41,132,1552,2.642,CSMA FT LLC,PROGRESS RESIDENTIAL,ARP 2014-1 BORROWER LLC
48113016629,Census Tract 166.29,1867617,0.0,0.0,0.0,,0,0,49,0,0,0,49,0.0,0.0,,0.0,False,42,72,784,5.357,PROGRESS RESIDENTIAL,BISMUTH PROPCO SERIES LLC,CERBERUS SFR HOLDINGS LP
48113018153,Census Tract 181.53,3262686,0.0,0.0,0.0,,0,0,20,0,0,0,20,0.0,0.0,,0.0,False,19,117,1818,1.045,BAF ASSETS 5 LLC,HUYNH REVOCABLE LIVING TRUST,ARP 2014-1 BORROWER LLC
48113011202,Census Tract 112.02,3880488,0.0,0.0,0.0,,0,0,13,0,0,0,13,0.0,0.0,,0.0,False,12,144,906,1.325,REVEST PROPERTIES,CERBERUS SFR HOLDINGS LP,FKH SFR PROPCO I LP
48113009001,Census Tract 90.01,2604843,2.0,477.0,476.0,2005.0,0,0,117,0,0,0,117,0.0,0.0,,0.0,False,5,162,840,0.595,RESIDENTIAL HOME OWNER 1 LLC,KRL MANAGEMENT LLC,KAMY REAL PPTY TRUST
48113016630,Census Tract 166.30,4671967,0.0,0.0,0.0,,0,0,34,0,0,0,34,0.0,0.0,,0.0,False,69,128,1589,4.342,PROGRESS RESIDENTIAL,SFR JV 1 2020 1 BORROWER LLC,AMH 2014 2 BORROWER LLC
48113007834,Census Tract 78.34,492254,0.0,0.0,0.0,,0,0,26,0,0,226,252,0.0,0.0,,0.0,False,0,0,0,0.0,,,
48113007835,Census Tract 78.35,569039,0.0,0.0,0.0,,0,0,32,0,0,0,32,0.0,0.0,,0.0,False,0,19,271,0.0,,,
48113017819,Census Tract 178.19,797950,0.0,0.0,0.0,,0,0,18,0,0,0,18,0.0,0.0,,0.0,False,0,0,0,0.0,,,
48113018159,Census Tract 181.59,25125010,0.0,0.0,0.0,,0,0,1,0,0,0,1,0.0,0.0,,0.0,False,5,131,2066,0.242,WINDSOR HOMES CUMBERLAND LLC,BEAZER HOMES TEXAS LP,OPENDOOR PROPERTY TRUST I
48113009203,Census Tract 92.03,1447669,0.0,0.0,0.0,,0,0,4,0,0,0,4,0.0,0.0,,0.0,False,11,217,910,1.209,RS RENTAL II LLC,EASTER A & M REVOCABLE TRUST,BRIASHE MANAGEMENT LLC
48113009002,Census Tract 90.02,1697201,0.0,0.0,0.0,,0,0,10,0,118,0,128,0.0,0.0,,0.0,False,13,164,916,1.419,TRUE DFW HOMES-1 LLC,2310 ROCK STREET LLC,PAGAYA SMARTRESI F1 FUND
48113019102,Census Tract 191.02,3011501,0.0,0.0,0.0,,0,0,50,0,0,0,50,0.0,0.0,,0.0,False,6,218,1510,0.397,RENTAL CHOICE NEXUS LLC,HPA TEXAS SUB 2017 1 LLC,AJ ESTATES LLC
48113007833,Census Tract 78.33,367560,0.0,0.0,0.0,,0,0,12,0,0,0,12,0.0,0.0,,1.0,True,0,1,1,0.0,,,
48113017312,Census Tract 173.12,1871489,0.0,0.0,0.0,,0,0,10,0,0,0,10,0.0,0.0,,0.0,False,45,159,1301,3.459,TRICON SFR 2020 2,RS RENTAL II LLC,RESICAP TEXAS OWNER LLC
48113012102,Census Tract 121.02,2075292,0.0,0.0,0.0,,0,0,22,0,0,2,24,0.0,0.0,,0.0,False,32,161,904,3.54,RESICAP TEXAS OWNER II LLC,RESICAP TEXAS OWNER LLC,RESIDENTIAL HOME OWNER 1 LLC
48113016805,Census Tract 168.05,2261097,0.0,0.0,0.0,,0,0,18,0,0,0,18,0.0,0.0,,0.0,False,63,66,706,8.924,PROGRESS RESIDENTIAL,TRICON SFR 20243 BORROWER LLC,FYR SFR BORROWER LLC
48113016529,Census Tract 165.29,3477896,0.0,0.0,0.0,,0,0,35,0,0,0,35,0.0,0.0,,0.0,False,45,115,1051,4.282,PROGRESS RESIDENTIAL,PROLAND PROPERTIES LLC,H&N FAMILY TRUST
48113011604,Census Tract 116.04,5048643,1.0,55.0,55.0,2010.0,0,0,7,0,0,0,7,0.0,0.0,,0.0,False,74,203,1080,6.852,GS 360 HOUSING LLC,PLEASANT PROPERTIES LLC,SFR JV2 20242 BORROWER LLC
48113018145,Census Tract 181.45,3683100,0.0,0.0,0.0,,0,0,19,0,0,0,19,0.0,0.0,,0.0,False,9,117,1522,0.591,AMH 2014 3 BORROWER LLC,FKH SFR PROPCO A LP,FKH SFR PROPCO D LP
48113018149,Census Tract 181.49,1792342,0.0,0.0,0.0,,0,0,54,0,0,0,54,0.0,0.0,,0.0,False,29,102,1222,2.373,20191 IH BORROWER LP,SRP SUB LLC,AMH 2014 1 BORROWER LLC
48113017010,Census Tract 170.10,4711938,0.0,0.0,0.0,,0,0,14,0,0,0,14,0.0,0.0,,0.0,False,89,127,1110,8.018,BT PEGASUS LLC,FKH SFR C1 LP,RESIDENTIAL HOME OWNER 1 LLC
48113017309,Census Tract 173.09,1527313,0.0,0.0,0.0,,0,0,205,0,0,0,205,0.0,0.0,,0.0,False,83,172,1028,8.074,PROGRESS RESIDENTIAL,AMH 2014 2 BORROWER LLC,SWH 2017 1 BORROWER LP
48113018801,Census Tract 188.01,3409121,0.0,0.0,0.0,,0,0,13,0,0,0,13,0.0,0.0,,0.0,False,21,246,1467,1.431,VICTORY HOUSING VESTERS LLC,GARLAND JCC LLC,RESICAP TEXAS OWNER LLC
48113018802,Census Tract 188.02,1724648,1.0,204.0,204.0,2006.0,0,0,145,0,0,0,145,0.0,0.0,,0.0,False,7,48,212,3.302,EDOM INVESTMENTS LLC,GR SFR FUND I TX LLC,RESCOM INVESTMENT GROUP LLC
48113018900,Census Tract 189,3547078,0.0,0.0,0.0,,39,0,24,0,0,0,63,0.0,0.0,,0.0,False,13,188,1426,0.912,GR SFR FUND I TX LLC,CERBERUS SFR HOLDINGS LP,STAR BORROWER SFR4 LP
48113019013,Census Tract 190.13,1376142,1.0,183.0,183.0,2001.0,0,0,83,0,98,0,181,0.0,0.0,,0.0,False,0,0,0,0.0,,,
48113019016,Census Tract 190.16,1139087,0.0,0.0,0.0,,0,0,10,0,0,0,10,0.0,0.0,,0.0,False,1,32,404,0.248,OPENDOOR PROPERTY TRUST I,,
48113019020,Census Tract 190.20,2469707,0.0,0.0,0.0,,0,0,27,0,0,0,27,0.0,0.0,,0.0,False,3,113,1260,0.238,BAF ASSETS 6 LLC,510 SFR TX OPERATIONS I LLC,SWH 2017 1 BORROWER LP
48113019023,Census Tract 190.23,2742350,0.0,0.0,0.0,,0,0,17,0,0,0,17,0.0,0.0,,0.0,False,1,77,1420,0.07,BT SFRL I LLC,,
48113019024,Census Tract 190.24,2520606,0.0,0.0,0.0,,0,0,50,0,0,0,50,0.0,0.0,,0.0,False,10,93,1268,0.789,BT SFRL I LLC,TCHARYKOW INVESTMENTS LLC,GLENDORA PROPERTIES LLC
48113019025,Census Tract 190.25,2001966,0.0,0.0,0.0,,0,0,19,0,0,0,19,0.0,0.0,,0.0,False,19,140,1708,1.112,SWH 2017 1 BORROWER LP,BAF ASSETS 2 LLC,GLENDORA PROPERTIES LLC
48113019026,Census Tract 190.26,2727453,1.0,122.0,92.0,2022.0,0,0,9,0,0,0,9,0.0,0.0,,0.0,False,10,136,1645,0.608,BISMUTH PROPCO SERIES LLC,GARLAND MAIN STREET JV LLC,RESICAP TEXAS OWNER II LLC
48113019027,Census Tract 190.27,5156627,0.0,0.0,0.0,,0,0,29,0,0,0,29,0.0,0.0,,0.0,False,5,118,951,0.526,HUYNH REVOCABLE LIVING TRUST,BAF ASSETS LLC,AMERICAN RESIDENTIAL LEASING CO LLC
48113019028,Census Tract 190.28,1466991,0.0,0.0,0.0,,0,0,27,0,0,0,27,0.0,0.0,,0.0,False,12,129,1068,1.124,LURIMO CAPITAL LLC,MITCHELL SFR LLC,MNSF T2 SPE LLC
48113021100,Census Tract 211,11000161,0.0,0.0,0.0,,0,0,73,0,0,0,73,0.0,0.0,,0.0,False,8,221,1037,0.771,NEW DIMENSION HOMES LLC,FONSECA HOLDINGS LLC,FKH SFR PROPCO I LP
48113016632,Census Tract 166.32,2566486,0.0,0.0,0.0,,0,0,21,0,0,0,21,0.0,0.0,,0.0,False,74,99,1124,6.584,HOME SFR BORROWER LLC,CERBERUS SFR HOLDINGS LP,RH PARTNERS OWNERCO 2 LLC
48113016628,Census Tract 166.28,2628166,0.0,0.0,0.0,,0,0,43,0,0,0,43,0.0,0.0,,0.0,False,68,120,1195,5.69,PROGRESS RESIDENTIAL,KIBBY ROAD LLC,2018 1 IH BORROWER LP
48113011901,Census Tract 119.01,2087006,0.0,0.0,0.0,,0,0,21,0,0,1,22,0.0,0.0,,0.0,False,41,229,1309,3.132,FYR SFR BORROWER LLC,TRUE DFW HOMES-1 LLC,RESICAP TEXAS OWNER LLC
48113011902,Census Tract 119.02,2597923,0.0,0.0,0.0,,0,0,17,0,0,3,20,0.0,0.0,,0.0,False,28,281,1404,1.994,RESICAP TEXAS OWNER LLC,RENTAL TRANSITION LLC,BLUESTONE FINANCE LLC
48113009204,Census Tract 92.04,1595424,0.0,0.0,0.0,,0,0,6,0,0,11,17,0.0,0.0,,0.0,False,14,134,865,1.618,GLENDORA PROPERTIES LLC,RESICAP TEXAS OWNER LLC,PC LO 2222 LLC
48113011802,Census Tract 118.02,2422254,0.0,0.0,0.0,,0,0,11,0,0,0,11,0.0,0.0,,0.0,False,18,186,990,1.818,KRL MANAGEMENT LLC,CURRAN PRICE LLC,RENTAL TRANSITION LLC
48113017307,Census Tract 173.07,2949874,0.0,0.0,0.0,,0,0,164,0,0,0,164,0.0,0.0,,0.0,False,57,172,1359,4.194,HON III LLC,SRP SUB LLC,PROGRESS RESIDENTIAL
48113016627,Census Tract 166.27,2628337,0.0,0.0,0.0,,0,0,8,0,0,0,8,0.0,0.0,,0.0,False,21,64,619,3.393,CERBERUS SFR HOLDINGS LP,FYR SFR BORROWER LLC,BRENNAN FAMILY TRUST
48113011801,Census Tract 118.01,2615291,1.0,144.0,144.0,2005.0,0,0,131,0,99,5,235,0.0,0.0,,0.0,False,36,222,1213,2.968,FKH SFR C1 LP,WEST FORK PROPERTIES LLC,RESICAP TEXAS OWNER II LLC
48113001601,Census Tract 16.01,639913,3.0,507.0,320.0,2003.0,0,0,341,0,0,332,673,0.0,0.0,,0.0,False,1,10,43,2.326,ENKLICK PROPERTIES LLC,,
48113007828,Census Tract 78.28,1117489,0.0,0.0,0.0,,0,0,0,0,0,0,0,0.0,0.0,,0.5602102615703132,True,0,0,0,0.0,,,
48113013013,Census Tract 130.13,2765662,0.0,0.0,0.0,,0,0,0,0,0,0,0,0.0,0.0,,0.0,False,3,41,1308,0.229,VM MASTER ISSUER LLC,OPENDOOR PROPERTY TRUST I,WH1 LLC
48113002703,Census Tract 27.03,2989504,1.0,76.0,60.0,2006.0,0,0,43,0,0,248,291,0.0,2.0,Frazier Revitalization Inc; Fair Park First,0.026036572093734,True,76,324,1408,5.398,RCGA LLC,GOOD URBAN DEVELOPMENT LLC,MUENNINK 35 HOLMES LLC
48113020900,Census Tract 209,5331818,1.0,30.0,30.0,2002.0,0,0,39,0,0,0,39,0.0,0.0,,0.3499967314111357,True,11,136,559,1.968,RCGA LLC,DESOTO REAL ESTATE RESOURCE LLC,A BETTER PLACE LLC
48113018147,Census Tract 181.47,2821179,0.0,0.0,0.0,,0,0,6,0,0,0,6,0.0,0.0,,0.0,False,27,109,1338,2.018,AMH 2014 1 BORROWER LLC,AMERICAN RESIDENTIAL LEASING COMPANY LLC,HPA TEXAS SUB 2017 1 LLC
48113021000,Census Tract 210,4383139,2.0,210.0,190.0,2010.0,0,0,65,0,0,0,65,0.0,0.0,,0.2018269999599362,True,25,392,1794,1.394,NEW DIMENSION HOMES LLC,FONSECA HOLDINGS LLC,CASH HOUSE BUYERS USA LLC
48113017308,Census Tract 173.08,2965961,0.0,0.0,0.0,,0,0,134,0,0,0,134,0.0,0.0,,0.0,False,43,158,1315,3.27,HON III LLC,PROGRESS RESIDENTIAL,CERBERUS SFR HOLDINGS LP
48113017203,Census Tract 172.03,3345284,0.0,0.0,0.0,,0,0,14,0,0,0,14,0.0,0.0,,0.0,False,29,95,633,4.581,C & L REAL ESTATE SERVICES LLC,GLENDORA PROPERTIES LLC,RESIDENTIAL HOME OWNER 1 LLC
48113017311,Census Tract 173.11,1599711,0.0,0.0,0.0,,0,0,27,0,0,0,27,0.0,0.0,,0.0,False,70,158,1257,5.569,TRICON SFR 2020 2,PAGAYA SMARTRESI F1 FUND,RESICAP TEXAS OWNER LLC
48113017314,Census Tract 173.14,15763338,1.0,220.0,220.0,2020.0,0,0,294,0,0,0,294,0.0,0.0,,0.0,False,116,369,3138,3.697,HON III LLC,CASTLEROCK COMMUNITIES LLC,BLOOMFIELD HOMES LP
48113017006,Census Tract 170.06,64872841,0.0,0.0,0.0,,0,0,1,0,30,0,31,0.0,0.0,,0.0,False,9,149,950,0.947,KAMY REAL PPTY TRUST,PROGRESS RESIDENTIAL,HP TEXAS I LLC
48113012101,Census Tract 121.01,834156,2.0,322.0,304.0,2006.0,0,0,183,0,0,0,183,0.0,0.0,,0.0,False,60,55,441,13.605,CAMILLO PROPERTIES LTD,ILE HOLDINGS LLC,CERBERUS SFR HOLDINGS LP
48113017820,Census Tract 178.20,1645815,0.0,0.0,0.0,,0,0,16,0,0,0,16,0.0,0.0,,0.0,False,75,153,1034,7.253,CZ GS RENTAL 1 LLC,CZ GA I LLC,DPI RENTALS LLC
48113016806,Census Tract 168.06,3565590,0.0,0.0,0.0,,0,0,39,0,0,0,39,0.0,0.0,,0.0,False,361,180,1944,18.57,CP ML 2024 TRM SFR LLC,FKH SFR C1 LP,CAMILLO HOUSES CV 4 LLC
48113016631,Census Tract 166.31,5139731,0.0,0.0,0.0,,0,0,9,0,0,0,9,0.0,0.0,,0.0,False,44,113,1704,2.582,PROLAND PROPERTIES LLC,AMH 2014 2 BORROWER LLC,RH PARTNERS OWNERCO 2 LLC
48113020402,Census Tract 204.02,5306753,1.0,164.0,164.0,2014.0,0,0,30,0,0,0,30,0.0,0.0,,0.0,False,0,36,355,0.0,,,
48113017204,Census Tract 172.04,2888347,1.0,160.0,128.0,2006.0,0,0,169,0,0,0,169,0.0,0.0,,0.0,False,39,185,1000,3.9,ALEXIA BELLE PROPERTIES LLC,CF KL ASSETS 2019I LLC,RESICAP TEXAS OWNER III LLC
48113017315,Census Tract 173.15,3858888,0.0,0.0,0.0,,0,0,112,0,0,0,112,0.0,0.0,,0.0,False,79,273,1939,4.074,SIGMOND LEGACY LLC,FKH SFR C1 LP,AMH 2014 1 BORROWER LLC
48113017310,Census Tract 173.10,2820234,0.0,0.0,0.0,,0,0,137,0,0,0,137,0.0,0.0,,0.0,False,65,156,1128,5.762,HON III LLC,PROGRESS RESIDENTIAL,INVITATION HOMES 7 LP
48113017008,Census Tract 170.08,17911931,1.0,100.0,78.0,2006.0,0,0,32,0,0,0,32,0.0,0.0,,0.0,False,86,263,2526,3.405,SFR JV2 20231 BORROWER LLC,PROGRESS RESIDENTIAL,AMH 2014 2 BORROWER LLC
48113018155,Census Tract 181.55,12569116,0.0,0.0,0.0,,0,0,7,0,0,0,7,0.0,0.0,,0.0,False,6,125,1924,0.312,OPENDOOR PROPERTY TRUST I,RS RENTAL I LLC,SFR JV1 20191 BORROWER LLC
48113017815,Census Tract 178.15,2443698,1.0,209.0,213.0,2014.0,0,0,62,0,0,0,62,0.0,0.0,,0.0,False,20,87,775,2.581,ONM SFR HOLDINGS I LLC,ALNA I LLC,FYR SFR BORROWER LLC
48113016709,Census Tract 167.09,29486990,1.0,144.0,142.0,2004.0,0,0,174,0,0,0,174,0.0,0.0,,0.0,False,7,216,974,0.719,CAVADIAN PROPERTIES LLC,CAZARES CASAS LLC,PERSPECTIVE PLUS LLC
48113019029,Census Tract 190.29,2162755,0.0,0.0,0.0,,0,0,54,0,0,0,54,0.0,0.0,,0.0,False,20,269,2067,0.968,CSMA FT LLC,NOSHI PROPERTIES LLC,CERBERUS SFR HOLDINGS LP
48113019031,Census Tract 190.31,3523347,0.0,0.0,0.0,,0,0,16,0,0,0,16,0.0,0.0,,0.0,False,9,155,2233,0.403,GLENDORA PROPERTIES LLC,A&R TEXAS PROPERTIES LLC,US SFE ASSET COMPANY 2 LLC
48113019034,Census Tract 190.34,1773268,0.0,0.0,0.0,,0,0,63,0,0,0,63,0.0,0.0,,0.3114241539406707,True,2,27,376,0.532,IMAP ACQ LLC,TAYLOR LIVING TRUST,
48113019035,Census Tract 190.35,1056295,0.0,0.0,0.0,,0,0,2,0,0,0,2,0.0,0.0,,0.9736406952285308,True,26,33,354,7.345,NCREFI UC LLC,OP SPE PHX1 LLC,
48113019036,Census Tract 190.36,2687672,0.0,0.0,0.0,,0,0,6,0,0,0,6,0.0,0.0,,0.0,False,1,63,1099,0.091,SAVOR PROPERTIES LLC,,
48113019037,Census Tract 190.37,1777535,0.0,0.0,0.0,,48,0,14,0,0,0,62,0.0,0.0,,0.0,False,7,116,1202,0.582,RENTAL CHOICE NEXUS LLC,FYR SFR BORROWER LLC,CSMA FT LLC
48113019202,Census Tract 192.02,2010839,0.0,0.0,0.0,,0,0,11,0,0,0,11,0.0,0.0,,0.0,False,3,98,1083,0.277,TAYLOR LIVING TRUST,VM MASTER ISSUER LLC,RESCOM INVESTMENT GROUP LLC
48113019203,Census Tract 192.03,2958019,0.0,0.0,0.0,,0,0,6,0,0,0,6,0.0,0.0,,0.0,False,3,93,1407,0.213,MILLER FAMILY TRUST,ZHS INVESTMENTS LLC,OPENDOOR PROPERTY TRUST I
48113017101,Census Tract 171.01,9969443,0.0,0.0,0.0,,0,0,26,0,0,2,28,0.0,0.0,,0.0,False,108,231,1479,7.302,CZ GA I LLC,RSJ DEVELOPMENTS LLC,CZ GA 1 LLC
48113017201,Census Tract 172.01,5833533,2.0,344.0,312.0,2021.0,0,0,105,0,24,0,129,0.0,0.0,,0.0,False,59,218,1020,5.784,FORDGANG PROPERTIES IV LLC &,MNSF T2 SPE LLC,GLENDORA PROPERTIES LLC
48113019205,Census Tract 192.05,3047487,0.0,0.0,0.0,,0,0,0,0,0,0,0,0.0,0.0,,0.0,False,141,78,1876,7.516,BALYNALLY LLC,HAWICK PROPERTIES LLC,5E REAL ESTATE LLC
48113019208,Census Tract 192.08,1252224,0.0,0.0,0.0,,0,18,9,0,0,0,27,0.0,0.0,,0.0,False,4,59,539,0.742,OPENDOOR PROPERTY TRUST I,MOONROCK PROPERTIES LLC,ROWI TX I LLC
48113017400,Census Tract 174,2945005,0.0,0.0,0.0,,0,0,23,0,0,0,23,0.0,0.0,,0.0,False,83,275,1918,4.327,FOOS PROPERTIES LLC,RESIDENTIAL HOME OWNER 1 LLC,RS RENTAL II LLC
48113017704,Census Tract 177.04,3123218,0.0,0.0,0.0,,0,0,76,0,0,0,76,0.0,0.0,,0.0,False,32,214,1242,2.576,BAYVILLE HOLDINGS LLC,TRICON SFR 2020 2,TCC INVESTORS LLC
48113017500,Census Tract 175,4562289,0.0,0.0,0.0,,0,0,21,0,0,0,21,0.0,0.0,,0.0,False,49,175,1409,3.478,BCL REAL ESTATE LLC,C & N JOINT VENTURE LLC,LONG CREEK INVESTMENTS LLC
48113017805,Census Tract 178.05,8580495,0.0,0.0,0.0,,0,0,141,0,0,0,141,0.0,0.0,,0.0,False,44,174,1340,3.284,CERBERUS SFR HOLDINGS LP,HOME SFR BORROWER LLC,OPENDOOR PROPERTY TRUST I
48113017806,Census Tract 178.06,2670197,0.0,0.0,0.0,,0,0,25,0,0,0,25,0.0,0.0,,0.0,False,40,173,1134,3.527,MNSF II W1 LLC,TRICON SFR 2020 2,SCHIMBAX INVESTMENTS LLC
48113017602,Census Tract 176.02,3196306,0.0,0.0,0.0,,0,0,18,0,0,0,18,0.0,0.0,,0.0,False,40,194,1281,3.123,TRUE DFW HOMES-1 LLC,ALLIED CAPITAL LLC,ROBERT ANTHONY HOLDINGS LLC
48113019210,Census Tract 192.10,3109154,0.0,0.0,0.0,,0,0,0,0,0,0,0,0.0,0.0,,0.0,False,3,83,1537,0.195,BYPASS TRUST,MILLER FAMILY TRUST,WH1 LLC
48113019211,Census Tract 192.11,3358304,1.0,50.0,50.0,2022.0,0,0,9,0,50,0,59,0.0,0.0,,0.0,False,13,195,1464,0.888,BYPASS TRUST,COMMON GROUND CAPITAL LLC,STAR 2022 SFR3 BORROWER LP
48113019301,Census Tract 193.01,1199676,0.0,0.0,0.0,,0,0,0,0,0,0,0,0.0,0.0,,0.0,False,0,35,942,0.0,,,
48113019400,Census Tract 194,1530240,0.0,0.0,0.0,,0,0,0,0,0,0,0,0.0,0.0,,0.0,False,0,36,677,0.0,,,
48113019501,Census Tract 195.01,2896843,0.0,0.0,0.0,,0,0,0,0,0,0,0,0.0,0.0,,0.0,False,0,88,2088,0.0,,,
48113017811,Census Tract 178.11,2351598,0.0,0.0,0.0,,0,0,11,0,0,0,11,0.0,0.0,,0.0,False,36,146,1369,2.63,TRICON SFR 2020 2,YAFA PROPERTIES LLC,BAF ASSETS LLC
48113017812,Census Tract 178.12,1909986,0.0,0.0,0.0,,0,0,9,0,0,0,9,0.0,0.0,,0.0,False,23,84,710,3.239,ARC RENTAL MSR I LLC,CERBERUS SFR HOLDINGS LP,CABB INVESTMENTS LLC
48113017808,Census Tract 178.08,2774002,1.0,140.0,98.0,2018.0,0,0,33,0,0,0,33,0.0,0.0,,0.0,False,34,151,1365,2.491,TRICON SFR 2020 2,BAF ASSETS LLC,CERBERUS SFR HOLDINGS LP
48113017814,Census Tract 178.14,3522572,0.0,0.0,0.0,,0,0,10,0,0,0,10,0.0,0.0,,0.0,False,34,154,1394,2.439,SWH 2017 1 BORROWER LP,PROGRESS RESIDENTIAL BORROWER,CERBERUS SFR HOLDINGS LP
48113017900,Census Tract 179,3421236,0.0,0.0,0.0,,0,0,21,0,0,0,21,0.0,0.0,,0.0,False,49,253,1479,3.313,BAILIES BUILDING & LOAN SERIES LLC,AES RE MANAGEMENT LLC,GR SFR FUND II A LLC
48113019502,Census Tract 195.02,2074305,0.0,0.0,0.0,,0,0,1,0,0,0,1,0.0,0.0,,0.0,False,0,58,1019,0.0,,,
48113019600,Census Tract 196,1015403,0.0,0.0,0.0,,0,0,0,0,0,0,0,0.0,0.0,,0.0,False,1,41,671,0.149,SAINT CATHERINE HOMES LLC,,
48113019700,Census Tract 197,2137907,0.0,0.0,0.0,,0,0,0,0,0,0,0,0.0,0.0,,0.0,False,1,39,722,0.139,MILLER FAMILY TRUST,,
48113019800,Census Tract 198,2656286,0.0,0.0,0.0,,0,0,0,0,0,0,0,0.0,0.0,,0.0,False,0,75,1486,0.0,,,
48113019900,Census Tract 199,1521668,1.0,160.0,160.0,2011.0,0,0,2,0,0,0,2,0.0,0.0,,0.0,False,4,159,825,0.485,MAMGG INVESTMENTS LLC,PCLO 111123 LLC,JYLC LP
48113013607,Census Tract 136.07,2115640,0.0,0.0,0.0,,0,0,5,0,0,0,5,0.0,0.0,,0.0,False,4,58,1022,0.391,WH1 LLC,GLENDORA PROPERTIES LLC,MONTPELIER ASSETS LLC
48113010101,Census Tract 101.01,2711800,1.0,151.0,120.0,2005.0,0,0,14,0,0,0,14,0.0,0.0,,0.6488227784454371,True,17,326,1606,1.059,TOWNSVILLE REALTY LLC,FF I BORROWER II LLC,CASH HOUSE BUYERS USA LLC
48113010102,Census Tract 101.02,1798141,0.0,0.0,0.0,,0,0,1,0,0,0,1,0.0,0.0,,0.6615693278637692,True,12,198,852,1.408,MUENNINK 35 HOLMES LLC,TOWNSVILLE REALTY LLC,NEW DIMENSION HOMES LLC
48113010500,Census Tract 105,4948641,0.0,0.0,0.0,,0,0,2,0,0,0,2,0.0,0.0,,0.0,False,5,200,973,0.514,MOONROCK PROPERTIES LLC,TRICON SFR 2020 2,ARMM ASSET COMPANY 2 LLC
48113010601,Census Tract 106.01,6861821,0.0,0.0,0.0,,0,0,0,0,0,0,0,0.0,0.0,,0.0,False,10,330,1584,0.631,D&C ASSET HOLDING LLC,J C LEASING LLP,SFR II TEXAS SUB 2021 3 LLC
48113010602,Census Tract 106.02,2781515,0.0,0.0,0.0,,0,0,0,0,280,0,280,0.0,0.0,,0.0,False,2,147,679,0.295,J C LEASING LLP,D&C ASSET HOLDING LLC,
48113020100,Census Tract 201,12882670,0.0,0.0,0.0,,0,0,2,0,1,0,3,0.0,0.0,,0.0,False,4,80,442,0.905,IZENITH LLC,DFW HOME SOLUTIONS LLC,HOCKMAN MANAGEMENT LLC
48113020200,Census Tract 202,25308116,0.0,0.0,0.0,,0,0,60,0,0,0,60,0.0,0.0,,0.0,False,66,231,1713,3.853,510 SFR TX OPERATIONS I LLC,LGI HOMES TEXAS LLC,A BETTER PLACE LLC
48113014128,Census Tract 141.28,1125073,0.0,0.0,0.0,,0,0,0,0,0,0,0,0.0,0.0,,0.0,False,1,64,823,0.122,IHFC TEXAS LLC,,
48113016522,Census Tract 165.22,18437888,0.0,0.0,0.0,,0,0,35,0,0,0,35,0.0,0.0,,0.0,False,33,114,1071,3.081,RS RENTAL III A LLC,TRICON SFR 2020 2,RH PARTNERS OWNERCO LLC
48113017606,Census Tract 176.06,4135384,0.0,0.0,0.0,,0,0,38,0,0,0,38,0.0,0.0,,0.0,False,48,324,1846,2.6,SHELISA REAL ESTATE HOLDINGS LLC,TRICON SFR 2020 2,CR PROPERTYWISE LLC
48113000606,Census Tract 6.06,1058450,0.0,0.0,0.0,,0,0,1,0,0,0,1,0.0,0.0,,0.0,False,0,39,419,0.0,,,
48113016803,Census Tract 168.03,4669681,0.0,0.0,0.0,,0,0,56,0,0,0,56,0.0,0.0,,0.0,False,58,245,1839,3.154,ALLIED CAPITAL LLC,CF KL ASSETS 2019I LLC,CERBERUS SFR HOLDINGS LP
48113007812,Census Tract 78.12,2843536,0.0,0.0,0.0,,0,0,0,0,0,0,0,0.0,0.0,,0.0106695655334276,True,0,36,1182,0.0,,,
48113009803,Census Tract 98.03,1452589,0.0,0.0,0.0,,0,0,0,0,0,0,0,0.0,0.0,,0.0,False,7,54,400,1.75,RS RENTAL II LLC,CASH HOUSE BUYERS USA LLC,FF I BORROWER II LLC
48113013717,Census Tract 137.17,1377396,0.0,0.0,0.0,,0,0,0,0,0,0,0,0.0,0.0,,0.0,False,2,97,530,0.377,LEE JIMMY YOUNG LIVING TRUST,ALNA I LLC,
48113006100,Census Tract 61,2576417,0.0,0.0,0.0,,0,0,44,0,0,0,44,0.0,0.0,,0.0,False,6,86,864,0.694,FKH SFR PROPCO H LP,AJ ESTATES LLC,ALLIED CAPITAL LLC
48113017604,Census Tract 176.04,1471238,0.0,0.0,0.0,,0,0,18,0,0,0,18,0.0,0.0,,0.0,False,22,150,874,2.517,FOOS PROPERTIES LLC,SANTIBANEZ PROPERTIES LLC,KRL MANAGEMENT LLC
48113007809,Census Tract 78.09,2086128,1.0,386.0,386.0,1996.0,0,0,116,0,0,0,116,0.0,0.0,,0.7537759673840169,True,1,27,568,0.176,WILDCAT LENDING FUND ONE LP,,
48113019033,Census Tract 190.33,1394493,0.0,0.0,0.0,,0,0,16,0,0,0,16,0.0,0.0,,0.0,False,5,135,962,0.52,REVEST PROPERTIES,GR SFR FUND I TX LLC,TRUE DFW HOMES-1 LLC
48113013618,Census Tract 136.18,1418344,0.0,0.0,0.0,,1,0,0,0,0,0,1,0.0,0.0,,0.0,False,1,35,728,0.137,PROGRESS RESIDENTIAL,,
48113009900,Census Tract 99,23364131,1.0,87.0,85.0,2022.0,0,0,52,0,0,0,52,0.0,0.0,,0.0,False,0,5,17,0.0,,,
48113009804,Census Tract 98.04,1035607,3.0,554.0,554.0,1995.0,0,0,7,0,0,0,7,0.0,0.0,,0.0,False,0,1,17,0.0,,,
48113016516,Census Tract 165.16,2577418,0.0,0.0,0.0,,0,0,103,0,0,0,103,0.0,0.0,,0.0,False,28,167,1203,2.328,BOSQUE BROTHERS HOLDINGS LLC,FKH SFR PROPCO J LP,CERBERUS SFR HOLDINGS LP
48113018132,Census Tract 181.32,4145349,0.0,0.0,0.0,,0,0,17,0,0,0,17,0.0,0.0,,0.0,False,53,195,1731,3.062,TOBIAS RENTAL PROPERTIES LLC,CERBERUS SFR HOLDINGS LP,TRICON SFR 2020 2
48113009103,Census Tract 91.03,1232156,0.0,0.0,0.0,,0,0,4,0,1,1,6,0.0,0.0,,0.0,False,11,98,656,1.677,PATH ACQUISITIONS TRS LLC,CS85 PROPERTIES LLC,BROWN FAMILY TRUST
48113001504,Census Tract 15.04,613173,1.0,61.0,61.0,1994.0,0,0,85,61,0,0,146,0.0,0.0,,0.0,False,8,29,222,3.604,DFW SYNERGY LLC,SCHIMBAX INVESTMENTS LLC,F Z HOMES LLC
48113014308,Census Tract 143.08,1076275,0.0,0.0,0.0,,0,0,5,0,1,0,6,0.0,0.0,,0.0,False,14,51,316,4.43,NEPTUNE VENTURES LLC,MAR MAR INVESTMENTS LLC,VALLEY VIEW PROPERTIES INC
48113006800,Census Tract 68,1625197,0.0,0.0,0.0,,0,0,4,0,0,0,4,0.0,0.0,,0.0,False,2,95,652,0.307,FF I BORROWER II LLC,CBAR ASSET COMPANY LLC,
48113006900,Census Tract 69,1583676,1.0,112.0,112.0,1991.0,0,0,68,0,0,179,247,0.0,0.0,,0.0,False,1,68,408,0.245,FF I BORROWER II LLC,,
48113009701,Census Tract 97.01,2545829,0.0,0.0,0.0,,0,0,1,0,0,3,4,0.0,0.0,,0.0,False,17,157,1183,1.437,FFA VILLAGE LLC,JHES INVESTMENTS LLC,BRIASHE MANAGEMENT LLC
48113014603,Census Tract 146.03,1163570,0.0,0.0,0.0,,0,0,2,0,0,0,2,0.0,0.0,,0.0,False,1,57,313,0.319,HOME SFR BORROWER IV LLC,,
48113016618,Census Tract 166.18,4235352,0.0,0.0,0.0,,0,0,27,0,0,0,27,0.0,0.0,,0.0,False,25,143,1493,1.674,RSTK DALLAS OWNER 1 LP,2018 1 IH BORROWER LP,ARNS INVESTMENTS LLC
48113016619,Census Tract 166.19,2392381,1.0,180.0,180.0,2003.0,0,0,126,0,0,0,126,0.0,0.0,,0.0,False,18,74,734,2.452,BT CAYMAN LLC,PROGRESS RESIDENTIAL,CERBERUS SFR HOLDINGS LP
48113018130,Census Tract 181.30,2952050,1.0,200.0,200.0,2004.0,0,0,146,0,0,0,146,0.0,0.0,,0.0,False,26,62,564,4.61,BAF ASSETS 6 LLC,RH PARTNERS OWNERCO LLC,US SFE ASSET COMPANY 1 LLC
48113019032,Census Tract 190.32,1269531,0.0,0.0,0.0,,0,0,2,0,0,0,2,0.0,0.0,,0.0,False,7,144,933,0.75,PC LO 2222 LLC,TIDEWALKER PROPERTIES LLC,ROYALAND PROPERTIES LLC
48113000100,Census Tract 1,3077392,0.0,0.0,0.0,,0,0,0,0,0,0,0,0.0,0.0,,0.0,False,1,76,1296,0.077,BROWN FAMILY TRUST,,
48113000201,Census Tract 2.01,1762502,0.0,0.0,0.0,,0,0,0,0,0,0,0,0.0,0.0,,0.0,False,1,84,1242,0.081,OLERIO HOMES LLC,,
48113000202,Census Tract 2.02,1571509,0.0,0.0,0.0,,0,0,0,0,0,0,0,0.0,0.0,,0.0,False,4,83,1178,0.34,BPHB ASSETCO LLC,JC LEASING LLP,
48113000300,Census Tract 3,1809162,0.0,0.0,0.0,,0,0,0,0,0,0,0,1.0,0.0,,0.0,False,0,91,1184,0.0,,,
48113000401,Census Tract 4.01,2020908,0.0,0.0,0.0,,0,0,64,0,0,0,64,0.0,0.0,,0.0,False,20,78,376,5.319,MEDRANO PROPERTIES LTD,PCLO LLC,J C LEASING LLP
48113000405,Census Tract 4.05,438318,0.0,0.0,0.0,,0,0,42,0,0,180,222,0.0,0.0,,0.0,False,1,13,82,1.22,PROGRESS RESIDENTIAL,,
48113001001,Census Tract 10.01,646816,0.0,0.0,0.0,,0,0,0,0,0,0,0,0.0,0.0,,0.0,False,1,31,489,0.204,HOMENOW LLC,,
48113001002,Census Tract 10.02,809000,0.0,0.0,0.0,,0,0,2,0,0,0,2,0.0,0.0,,0.0,False,6,58,520,1.154,HOMENOW LLC,GREAT INVESTMENTS LLC,FF I BORROWER II LLC
48113001102,Census Tract 11.02,878249,0.0,0.0,0.0,,0,0,0,0,17,0,17,0.0,0.0,,0.0,False,2,41,635,0.315,MFHB TEXAS PROPCO II LLC,BPHB ASSETCO LLC,
48113001204,Census Tract 12.04,560060,0.0,0.0,0.0,,0,0,0,0,0,0,0,0.0,2.0,Texas Tenants Union; East Dallas Community Organization,0.0,False,2,111,476,0.42,638 TURNER LLC,,
48113001301,Census Tract 13.01,1052565,0.0,0.0,0.0,,56,0,14,0,127,0,197,0.0,0.0,,0.0,False,0,46,445,0.0,,,
48113001302,Census Tract 13.02,672362,0.0,0.0,0.0,,0,0,44,0,0,0,44,0.0,0.0,,0.0,False,2,37,363,0.551,FF I BORROWER II LLC,KHURRAM PROPERTIES LLC,
48113001400,Census Tract 14,1027418,2.0,68.0,23.0,1991.0,0,0,136,0,0,0,136,0.0,0.0,,0.0,False,0,18,379,0.0,,,
48113001101,Census Tract 11.01,1293440,0.0,0.0,0.0,,0,0,2,0,0,0,2,0.0,0.0,,0.0,False,1,126,890,0.112,FF I BORROWER II LLC,,
48113001502,Census Tract 15.02,1050376,0.0,0.0,0.0,,0,0,22,0,0,0,22,1.0,0.0,,0.0,False,4,56,295,1.356,SCHIMBAX INVESTMENTS LLC,F Z HOMES LLC,D&C ASSET HOLDING LLC
48113001503,Census Tract 15.03,623787,0.0,0.0,0.0,,0,0,188,0,23,0,211,0.0,0.0,,0.0,False,1,10,52,1.923,LAND LINK REALTY LLC,,
48113012209,Census Tract 122.09,1765091,0.0,0.0,0.0,,0,0,1,0,0,0,1,0.0,0.0,,0.0,False,4,53,753,0.531,PROPERTIES BY DB LLC,,
48113016620,Census Tract 166.20,5270798,0.0,0.0,0.0,,0,0,37,0,0,0,37,0.0,0.0,,0.0,False,118,188,1863,6.334,TEAM MINNOW FAMILY LP,AMERICAN RESIDENTIAL LEASING CO LLC,SWH 2017 1 BORROWER LP
48113016409,Census Tract 164.09,6068070,0.0,0.0,0.0,,0,0,3,0,0,0,3,0.0,0.0,,0.0,False,18,102,1223,1.472,SRP SUB LLC,FYR SFR BORROWER LLC,RH EVERGREEN OWNERCO LLC
48113009303,Census Tract 93.03,5111341,0.0,0.0,0.0,,0,0,5,0,0,0,5,0.0,0.0,,0.0,False,4,283,1248,0.321,BRAJOR VENTURES LLC,KRL MANAGEMENT LLC,ROWI TX I LLC
48113016902,Census Tract 169.02,25249682,1.0,336.0,336.0,2017.0,0,0,198,0,0,0,198,0.0,0.0,,0.0,False,33,145,1158,2.85,PROGRESS DALLAS LLC,FKH SFR M LP,CZ GA I LLC
48113011601,Census Tract 116.01,10003155,1.0,240.0,240.0,2004.0,0,0,92,0,0,0,92,0.0,0.0,,0.0,False,25,186,1015,2.463,SPJ PORTFOLIO 2020 LLC,KRL MANAGEMENT LLC,RESICAP TEXAS OWNER LLC
48113019302,Census Tract 193.02,1862188,0.0,0.0,0.0,,0,0,2,0,0,0,2,0.0,0.0,,0.0,False,1,32,686,0.146,HOMENOW LLC,,
48113014601,Census Tract 146.01,1169672,1.0,168.0,168.0,2011.0,0,0,24,0,0,0,24,0.0,0.0,,0.0,False,14,60,539,2.597,SUPER BIRD LLC,SAF PROPERTIES LLC,SAJI ABRAHAM PROPERTIES LLC
48113004600,Census Tract 46,712964,0.0,0.0,0.0,,0,0,31,0,0,0,31,0.0,0.0,,0.0,False,0,33,445,0.0,,,
48113007102,Census Tract 71.02,2501305,1.0,60.0,60.0,1991.0,0,0,10,0,0,0,10,0.0,0.0,,0.0,False,72,254,1484,4.852,JC LEASING LLP,DERIS INTERESTS LLC,OLERIO HOMES LLC
48113007301,Census Tract 73.01,1881952,0.0,0.0,0.0,,0,0,0,0,0,0,0,0.0,0.0,,0.0,False,0,44,794,0.0,,,
48113007302,Census Tract 73.02,3669423,0.0,0.0,0.0,,0,0,0,0,0,0,0,0.0,0.0,,0.0,False,2,105,1539,0.13,MILLER FAMILY TRUST,TOWNSVILLE REALTY LLC,
48113003700,Census Tract 37,1634059,0.0,0.0,0.0,,0,0,34,0,0,0,34,0.0,3.0,Dallas Community Land Trust; Southfair Community Development Corporation; Innercity Community Development Corporation,0.9942714286737526,True,76,322,1433,5.304,RCGA LLC,SAFNA REALTY LLC,BULLISH BUSINESS LLC
48113007810,Census Tract 78.10,2302844,0.0,0.0,0.0,,0,0,18,0,0,0,18,0.0,0.0,,0.2226765820979505,True,3,50,1008,0.298,ZHS INVESTMENTS LLC,WH1 LLC,MILLENNIUM TRUST COMPANY LLC
48113007903,Census Tract 79.03,1227090,0.0,0.0,0.0,,0,0,0,0,0,0,0,0.0,0.0,,0.9388905309421128,True,1,37,681,0.147,DOMINUS PROPERTIES INC,,
48113007906,Census Tract 79.06,1247282,0.0,0.0,0.0,,0,0,0,0,0,0,0,0.0,0.0,,0.0,False,0,40,747,0.0,,,
48113016802,Census Tract 168.02,37156351,1.0,280.0,280.0,2004.0,0,0,6,0,0,0,6,0.0,0.0,,0.0,False,51,148,2019,2.526,SRP SUB LLC,PROGRESS RESIDENTIAL,2018 4 IH BORROWER LP
48113016704,Census Tract 167.04,2591897,0.0,0.0,0.0,,0,0,91,0,0,0,91,0.0,0.0,,0.0,False,82,182,1343,6.106,ALLIED CAPITAL LLC,RS RENTAL III A LLC,MNSF II W1 LLC
48113018105,Census Tract 181.05,3222184,1.0,120.0,104.0,2020.0,0,0,67,0,0,0,67,0.0,0.0,,0.0,False,27,282,1603,1.684,TRICON SFR 2020 2,HENDRICKS FAMILY LIVING TRUST,MITCHELL SFR LLC
48113018001,Census Tract 180.01,2656321,1.0,155.0,113.0,2016.0,0,0,64,0,0,0,64,0.0,0.0,,0.0,False,48,272,1931,2.486,LAWLER DELMA 2020 TRUST,CERBERUS SFR HOLDINGS LP,ROYALAND PROPERTIES LLC
48113018110,Census Tract 181.10,5389039,0.0,0.0,0.0,,0,0,6,0,0,0,6,0.0,0.0,,0.0,False,14,144,1812,0.773,WH1 LLC,RSTK DALLAS OWNER 1 LP,SWH 2017 1 BORROWER LP
48113018203,Census Tract 182.03,4566368,0.0,0.0,0.0,,0,0,22,0,0,0,22,0.0,0.0,,0.0,False,56,270,1885,2.971,GR SFR FUND LTD,EGBON HOUSING NETWORK LLC,RESICAP TEXAS OWNER II LLC
48113018204,Census Tract 182.04,1757605,0.0,0.0,0.0,,0,0,9,0,0,0,9,0.0,0.0,,0.0,False,39,214,1151,3.388,KK&L INVESTMENT GROUP LLC,GR SFR FUND LTD,CURRAN PRICE LLC
48113018206,Census Tract 182.06,1770923,0.0,0.0,0.0,,55,0,7,0,0,0,62,0.0,0.0,,0.0,False,27,225,1249,2.162,GR SFR FUND LTD,HAB PROPERTIES I LLC,ROWI TX I LLC
48113017703,Census Tract 177.03,2179236,0.0,0.0,0.0,,0,0,177,0,0,0,177,0.0,0.0,,0.0,False,26,181,1030,2.524,VICTORY HOUSING VESTERS LLC,TCC INVESTORS LLC,CERBERUS SFR HOLDINGS LP
48113008705,Census Tract 87.05,2014291,0.0,0.0,0.0,,0,0,10,0,0,0,10,0.0,0.0,,0.0,False,5,89,574,0.871,DESOTO REAL ESTATE RESOURCE LLC,ESSLINGER INVESTMENTS II LLC,GA INVESTMENTS LLC
48113010701,Census Tract 107.01,10134189,2.0,330.0,330.0,2013.0,0,0,77,0,0,0,77,0.0,0.0,,0.0,False,4,178,668,0.599,FZ HOMES LLC,JC LEASING LLP,TVU HOLDINGS LLC
48113013901,Census Tract 139.01,1765650,0.0,0.0,0.0,,0,0,0,0,0,0,0,0.0,0.0,,0.0,False,24,165,877,2.737,GOODLAND TOWNHOMES LLC,WHITE ORCHID HOLDING CO,HAWICK PROPERTIES LLC
48113004202,Census Tract 42.02,1274207,0.0,0.0,0.0,,0,0,2,0,85,0,87,0.0,0.0,,0.0,False,1,57,650,0.154,JC LEASING LLP,,
48113004300,Census Tract 43,4585068,0.0,0.0,0.0,,0,0,0,0,0,0,0,1.0,0.0,,0.6073413597596107,True,24,137,818,2.934,MEGATEL SOHO SQUARE SA LLC,OPENDOOR PROPERTY TRUST I,143 HOLDINGS LLC
48113004400,Census Tract 44,2107023,0.0,0.0,0.0,,0,0,0,0,0,0,0,0.0,0.0,,0.0,False,0,63,1087,0.0,,,
48113004500,Census Tract 45,1972793,1.0,100.0,100.0,1991.0,0,0,15,0,0,0,15,0.0,0.0,,0.0,False,23,203,1393,1.651,RDV DAVIS LLC,NEW DIMENSION HOMES LLC,D&C ASSET HOLDING LLC
