"X","the_geom","geoid","HUD_ID","Y","project","proj_add","proj_cty","proj_st","proj_zip","COMPANY","ALLOCAMT","N_UNITS","LI_UNITS","P_LI_Units","N_Room","INC_CEIL","LOW_CEIL","CEILUNIT","YR_PIS","YR_ALLOC","NON_PROF","Funding","BASIS","BOND","FMHA_514","FMHA_515","FMHA_538","HOME","HOME_AMT","CDBG","CDBG_AMT","FHA","HOPEVI","HPVI_AMT","RENTASST","MFF_RA","TCAP","TCEP","TRGT_POP","TRGT_FAM","TRGT_ELD","TRGT_DIS","TRGT_HML","trgt_spc","TYPE","CREDIT","DDA","QCT","NONPROG","D_TRGT_ELD"
"-96.8112487793","POINT (-96.81124877899998 32.739227295000035)","481130049002","TXA2003115","32.7392272949","EWING VILLAS","811 MORRELL AVE","DALLAS","TX","75203","SPHINX DEVELOPMENT CORP","-9,999","80","60","75",,,,"0","2,003","2,001","No",,"No","No",,"No",,"No","0","No","0","No",,"0",,,,,"No",,,,,,"New Construction","70 % present value","Not in DDA","In a qualified tract","Yes","0"
"-96.7380905151","POINT (-96.73809051499995 32.775245667000036)","481130027011","TXA2006105","32.7752456665","FRAZIER FELLOWSHIP","4848 HATCHER ST","DALLAS","TX","75210","FRAZIER FELLOWSHIP LP","553,780","76","60","78.95","0 Eff, 16 1BR, 34 2BR, 0 3BR, 0 4BR","60% AMGI","Yes","0","2,006","2,004",,"Increase in eligible basis","Yes",,,"No",,"No","0",,"0",,,"0",,,,,"No",,,,,,"New Construction","70 % present value","Not in DDA","In a qualified tract","Yes","0"
"-96.857196","POINT (-96.85719599999999 32.712889000000075)","481130108041","TXA2001135","32.712889","PRIMROSE OAKS","2999 S HAMPTON RD","DALLAS","TX","75224","PINNACLE FAMILY OF COMPANIES - TEXAS OFFICE","-9,999","250","250","100",,,,"0","2,001","2,001","No","Increase in eligible basis, Tax-exempt bond received","Yes","Yes",,"No",,,"0",,"0",,,"0",,,,,,,,,,,"New Construction","30 % present value","Not in DDA","In a qualified tract","Yes","0"
"-96.7358703613","POINT (-96.73587036099997 32.91419601400003)","481130190163","TXA1994195","32.9141960144","NORTH CREEK APTS","9387 PINYON TREE LN","DALLAS","TX","75243","MITCHELL KENNETH H CPA","-9,999","158","158","100","94 Eff, 64 1BR, 0 2BR, 94 3BR, 0 4BR",,,"0","1,994","1,991","No",,"No",,,"No",,,"0",,"0",,,"0",,,,,,,,,,,"Acquisition and Rehab","Not Indicated","Not in DDA","Not in a qualified tract","Yes","0"
"-96.6982192993","POINT (-96.69821929899996 32.86429595900006)","481130130072","TXA1990105","32.8642959595","AUTUMN CREEK","10765 E NW HWY","DALLAS","TX","75238","MITCHELL KENNETH H CPA","-9,999","82","82","100","0 Eff, 38 1BR, 40 2BR, 0 3BR, 0 4BR",,,"0","1,990","1,990","No",,"No",,,"No",,,"0",,"0",,,"0",,,,,,,,,,,"Acquisition and Rehab","Not Indicated","Not in DDA","Not in a qualified tract","Yes","0"
"-96.7623519897","POINT (-96.76235198999996 32.86967468300003)","481130078192","TXA1990295","32.8696746826","SPINDLETOP APTS","5929 MELODY LN","DALLAS","TX","75231","MITCHELL KENNETH H CPA","-9,999","204","204","100","0 Eff, 126 1BR, 63 2BR, 0 3BR, 0 4BR",,,"0","1,990","1,990","No",,"No",,,"No",,,"0",,"0",,,"0",,,,,,,,,,,"Acquisition and Rehab","Not Indicated","Not in DDA","Not in a qualified tract","Yes","0"
"-96.8627166748","POINT (-96.86271667499994 32.785091400000056)","481130205001","TXA2010115","32.7850914001","VILLAGE AT LAKEWEST APTS II","2680 BICKERS ST","DALLAS","TX","75212","LAKEWEST SENIOR HOUSING","-9,999","180","180","100","0 Eff, 180 1BR, 0 2BR, 0 3BR, 0 4BR","60% AMGI",,"0","2,010","2,011","No","Increase in eligible basis, Tax-exempt bond received","Yes","Yes",,,,"No","0","No","0",,,"0",,,,,"No",,,,,,"New Construction","30 % present value","Not in DDA","In a qualified tract","Yes","0"
"-96.7380905151","POINT (-96.73809051499995 32.775245667000036)","481130027011","TXA0000611","32.7752456665","WAHOO FRAZIER TOWNHOMES","4848 HATCHER ST","DALLAS","TX","75210",,"-9,999","95","0","-9,999",,,,"0","-9,999","-9,999",,,,,,,,,"0",,"0",,,"0",,,,,,,,,,,"Not Indicated","Not Indicated",,,"Yes","0"
"-96.8640670988","POINT (-96.86406709899995 32.87073256200006)","481130098024","TXA1990140","32.870732562","CHAPEL CREEK","3410 HIDALGO DR","DALLAS","TX","75220","MITCHELL KENNETH H CPA","-9,999","192","192","100","0 Eff, 119 1BR, 73 2BR, 0 3BR, 0 4BR",,,"0","1,990","1,990","No",,"No",,,"No",,,"0",,"0",,,"0",,,,,,,,,,,"Acquisition and Rehab","Not Indicated","Not in DDA","Not in a qualified tract","Yes","0"
"-96.8784713745","POINT (-96.87847137499995 32.675930023000035)","481130109042","TXA1992165","32.6759300232","REDBIRD TRAILS APTS","3636 W RED BIRD LN","DALLAS","TX","75237","REDBIRD TRAILS ASSOC LP","-9,999","252","252","100","0 Eff, 120 1BR, 132 2BR, 0 3BR, 0 4BR",,,"0","1,992","1,992","No",,"No",,,"No",,,"0",,"0",,,"0",,,,,,,,,,,"Acquisition and Rehab","Not Indicated","Not in DDA","Not in a qualified tract","Yes","0"
"-96.6976852417","POINT (-96.69768524199998 32.71326065100004)","481130093042","TXA0000316","32.7132606506","GROVE VILLAGE","7209 GREAT TRINITY FOREST WAY","DALLAS","TX","75217",,"-9,999","229","0","-9,999",,,,"0","-9,999","-9,999",,,,,,,,,"0",,"0",,,"0",,,,,,,,,,,"Not Indicated","Not Indicated",,,"Yes","0"
"-96.7627105713","POINT (-96.76271057099996 32.870647430000076)","481130078183","TXA1995250","32.8706474304","MELODY PLACE APTS","6852 SHADYBROOK LN","DALLAS","TX","75231","TEXAS BROOK APTS LP","-9,999","192","192","100","0 Eff, 90 1BR, 102 2BR, 0 3BR, 0 4BR",,,"0","1,995","1,994","No",,"No","No",,"No",,,"0",,"0",,,"0",,,,,,,,,,,"Acquisition and Rehab","70 % present value","Not in DDA","Not in a qualified tract","Yes","0"
"-96.7623519897","POINT (-96.76235198999996 32.86967468300003)","481130078192","TXA1996110","32.8696746826","MELODY VILLAGE APTS","5929 MELODY LN","DALLAS","TX","75231","TEXAS MELODY APTS LP","-9,999","271","271","100","30 Eff, 210 1BR, 26 2BR, 30 3BR, 0 4BR",,,"0","1,996","1,995","No",,"No","No",,"No",,,"0",,"0",,,"0",,,,,,,,,,,"Acquisition and Rehab","70 % present value","Not in DDA","Not in a qualified tract","Yes","0"
"-96.8791275024","POINT (-96.87912750199996 32.758209229000045)","481130107011","TXA2013806","32.7582092285","HILLSIDE WEST SENIORS","3757 FALLS BLUFF DR","DALLAS","TX","75211","HILLSIDE WEST SENIORS LP","-9,999","130","130","100",,"60% AMGI",,"0","2,013","2,011","No","Rental assistance contract","No","No",,,,"No","0","No","0",,,"0",,,,,"No",,,,,,"Not Indicated","Not Indicated","Not in DDA","In a qualified tract","Yes","0"
"-96.8795471191","POINT (-96.87954711899994 32.747940063000044)","481130067001","TXA1993075","32.7479400635","INDIAN RIDGE APTS","3706 W EIGHTH ST","DALLAS","TX","75211","MITCHELL KENNETH H CPA","-9,999","161","161","100","0 Eff, 43 1BR, 112 2BR, 0 3BR, 0 4BR",,,"0","1,993","1,993","No","Increase in eligible basis","Yes",,,"No",,,"0",,"0",,,"0",,,,,,,,,,,"Acquisition and Rehab","Not Indicated","Not in DDA","In a qualified tract","Yes","0"
"-96.8204879761","POINT (-96.82048797599998 32.699726105000025)","481130059022","TXA1993030","32.6997261047","CLIFF PARK VILLAGE APTS","220 E OVERTON RD","DALLAS","TX","75216","WJ GROUP 1 LTD","-9,999","360","360","100","0 Eff, 80 1BR, 280 2BR, 0 3BR, 0 4BR",,,"0","1,993","1,991","No",,"No",,,"No",,,"0",,"0",,,"0",,,,,,,,,,,"Acquisition and Rehab","Not Indicated","Not in DDA","Not in a qualified tract","Yes","0"
"-96.6880569458","POINT (-96.68805694599996 32.815334320000034)","481130123013","TXA1997205","32.8153343201","TIMBER PARK APTS","2714 N BUCKNER BLVD","DALLAS","TX","75228","DALLAS TIMBER PARK ASSOC LTD","-9,999","158","158","100","0 Eff, 24 1BR, 133 2BR, 0 3BR, 0 4BR",,,"0","1,997","1,996","No",,"No","No",,"No",,,"0",,"0",,,"0",,,,,,,,,,,"Acquisition and Rehab","70 % present value","Not in DDA","Not in a qualified tract","Yes","0"
"-96.7627105713","POINT (-96.76271057099996 32.870647430000076)","481130078183","TXA1990300","32.8706474304","BROOK APTS","6852 SHADYBROOK LN","DALLAS","TX","75231","MITCHELL KENNETH H CPA","-9,999","192","192","100","0 Eff, 90 1BR, 102 2BR, 0 3BR, 0 4BR",,,"0","1,990","1,990","No",,"No",,,"No",,,"0",,"0",,,"0",,,,,,,,,,,"Acquisition and Rehab","Not Indicated","Not in DDA","Not in a qualified tract","Yes","0"
"-96.779548645","POINT (-96.77954864499998 32.807979584000066)","481130008003","TXA1995320","32.8079795837","PRAIRIE HILL APTS","2016 N PRAIRIE AVE","DALLAS","TX","75204","BEVERLY PARTNERS LTD","-9,999","18","18","100","0 Eff, 14 1BR, 4 2BR, 0 3BR, 0 4BR",,,"0","1,995","1,993","No","Increase in eligible basis","Yes","No",,"No",,,"0",,"0",,,"0",,,,,,,,,,,"Acquisition and Rehab","Both 30% and 70% present value","Not in DDA","In a qualified tract","Yes","0"
"-96.8401489258","POINT (-96.84014892599998 32.70220184300007)","481130060011","TXA1990270","32.7022018433","QUEENS COURT APTS","3425 S POLK ST","DALLAS","TX","75224","MITCHELL KENNETH H CPA","-9,999","56","56","100","0 Eff, 38 1BR, 10 2BR, 0 3BR, 0 4BR",,,"0","1,990","1,989","No",,"No",,,"No",,,"0",,"0",,,"0",,,,,,,,,,,"Acquisition and Rehab","Not Indicated","Not in DDA","Not in a qualified tract","Yes","0"
"-96.9068374634","POINT (-96.90683746299999 32.71604919400005)","481130108013","TXA0000478","32.7160491943","RESIDENCE AT THE OAKS","2740 DUNCANVILLE RD","DALLAS","TX","75211",,"-9,999","209","0","-9,999",,,,"0","-9,999","-9,999",,,,,,,,,"0",,"0",,,"0",,,,,,,,,,,"Not Indicated","Not Indicated",,,"Yes","0"
"-96.8606567383","POINT (-96.86065673799999 32.71417999300007)","481130108041","TXA2004220","32.7141799927","POTTERS HOUSE AT PRIMROSE","2515 PERRYTON DR","DALLAS","TX","75233","PINNACLE FAMILY OF COMPANIES - TEXAS OFFICE","-9,999","280","280","100",,,,"0","2,004","2,002","No","Tax-exempt bond received","No","Yes",,,,"No","0",,"0",,,"0",,,,,,,,,,,"New Construction","30 % present value","Not in DDA","In a qualified tract","Yes","0"
"-96.8532562256","POINT (-96.85325622599998 32.82311248800005)","481130100002","TXA0000466","32.8231124878","PROVIDENCE MOCKINGBIRD","1893 W MOCKINGBIRD LN","DALLAS","TX","75235",,"-9,999","251","0","-9,999",,,,"0","-9,999","-9,999",,,,,,,,,"0",,"0",,,"0",,,,,,,,,,,"Not Indicated","Not Indicated",,,"Yes","0"
"-96.764165","POINT (-96.76416499999999 32.69433900000007)","481130087015","TXA1997195","32.694339","VILLAS OF SORRENTO","3130 STAG RD","DALLAS","TX","75241","THE VILLAS OF SORRENTO A NEVADA LP","-9,999","245","245","100","0 Eff, 98 1BR, 73 2BR, 0 3BR, 0 4BR",,,"0","1,997","1,996","No","Increase in eligible basis","Yes","No",,"No",,,"0",,"0",,,"0",,,,,,,,,,,"New Construction","70 % present value","Not in DDA","In a qualified tract","Yes","0"
"-96.8564040945","POINT (-96.85640409499996 32.778826079000055)","481130101013","TXA2005310","32.7788260794","ROSEMONT AT LAKEWEST (ARBOR WOODS)","3000 N HAMPTON RD","DALLAS","TX","75212","PINNACLE FAMILY OF COMPANIES - TEXAS OFFICE","-9,999","151","120","79.47",,,,"0","2,005","2,003","No",,"No","No",,"No",,"No","0","No","0","No",,"0",,,,,"No",,,,,,"New Construction","70 % present value","Not in DDA","In a qualified tract","Yes","0"
"-96.8619129741","POINT (-96.86191297399995 32.688567704000036)","481130109041","TXA1994330","32.6885677044","WOODHOLLOW","4424 WOODHOLLOW DR","DALLAS","TX","75237","MITCHELL KENNETH H CPA","-9,999","236","236","100","0 Eff, 48 1BR, 140 2BR, 0 3BR, 0 4BR",,,"0","1,994","1,992","No",,"No",,,"No",,,"0",,"0",,,"0",,,,,,,,,,,"Acquisition and Rehab","Not Indicated","Not in DDA","Not in a qualified tract","Yes","0"
"-96.8349304199","POINT (-96.83493041999998 32.74604797400008)","481130047003","TXA1988315","32.7460479736","720 W NINTH ST","720 W NINTH ST","DALLAS","TX","75208",,"-9,999","10","10","100","0 Eff, 0 1BR, 10 2BR, 0 3BR, 0 4BR",,,"0","1,988","1,988","No",,"No",,,"No",,,"0",,"0",,,"0",,,,,,,,,,,"Acquisition and Rehab","Not Indicated","Not in DDA","In a qualified tract","No","0"
"-96.890102","POINT (-96.89010199999996 32.666352000000074)","481130109031","TXA1995500","32.666352","WOODGLEN PARK I","6800 S COCKRELL HILL RD","DALLAS","TX","75236","DALLAS AREA AFFORDABLE PARTNERS I LP","-9,999","112","112","100","0 Eff, 40 1BR, 56 2BR, 0 3BR, 0 4BR","60% AMGI","Yes","3","1,995","1,993","Yes",,"No","No","No","No","No","No","0","No","0","No","No","0",,"No",,"No","No",,,,,,"New Construction","70 % present value","Not in DDA","Not in a qualified tract","Yes","0"
"-96.6568222046","POINT (-96.65682220499997 32.75145340000006)","481130120004","TXA2011855","32.7514533997","CRESTSHIRE VILLAGE","2300 N ST AUGUSTINE DR","DALLAS","TX","75227","CRESTSHIRE VILLAGE LTD","-9,999","74","74","100","0 Eff, 12 1BR, 30 2BR, 0 3BR, 0 4BR","60% AMGI",,"0","2,011","2,009","No",,"No","No",,,,"No","0","No","0",,,"0",,,,,"No",,,,,,"Not Indicated","Not Indicated","Not in DDA","In a qualified tract","Yes","0"
"-96.6787149093","POINT (-96.67871490899995 32.76344850400005)","481130090005","TXA1987135","32.7634485044","BLUEBONNET I","8221 SCYENE RD","DALLAS","TX","75227","BLUEBONNET I LP","-9,999","50","43","86","0 Eff, 38 1BR, 4 2BR, 0 3BR, 0 4BR",,,"0","1,987","1,987","No",,"No",,,"No",,,"0",,"0",,,"0",,,,,,,,,,,"Acquisition and Rehab","Not Indicated","Not in DDA","Not in a qualified tract","No","0"
"-96.8356834003","POINT (-96.83568339999994 32.64043482300008)","481130166051","TXA2003295","32.640434823","ROSEMONT AT TIMBERCREEK","801 BECKLEYMEADE AVE","DALLAS","TX","75232","TX TIMBERCREEK HOUSING LP","-9,999","100","100","100",,,,"0","2,003","2,001","No",,"No","No",,"No",,"No","0","No","0","No",,"0",,,,,"No",,,,,,"New Construction","70 % present value","Not in DDA","In a qualified tract","Yes","0"
"-96.7542114258","POINT (-96.75421142599998 32.86611175500008)","481130078181","TXA0000523","32.8661117554","SANTA FE TRAILS","6318 RIDGECREST RD","DALLAS","TX","75231",,"-9,999","88","0","-9,999",,,,"0","-9,999","-9,999",,,,,,,,,"0",,"0",,,"0",,,,,,,,,,,"Not Indicated","Not Indicated",,,"Yes","0"
"-96.8031463623","POINT (-96.80314636199995 32.70832443200004)","481130057002","TXA0000076","32.7083244324","SERENITY PLACE","3124 S DENLEY DR","DALLAS","TX","75216","CITY WIDE SERENITY PLACE APTS LP","-9,999","-9,999","0","-9,999",,"60% AMGI",,"0","-9,999","2,014","No",,"No","No",,,,"No","0",,"0",,,"0",,,,,"Yes","No","No","No","No","UNSPECIFIED","New Construction","Not Indicated",,,"Yes","0"
"-96.7691880037","POINT (-96.76918800399994 32.67656266500006)","481130114013","TXA2000065","32.6765626653","HOMES OF PERSIMMON","3100 PERSIMMON RD","DALLAS","TX","75241","PERSIMMON TOWNHOMES LTD","-9,999","180","135","75",,,,"0","2,000","1,998",,"Increase in eligible basis","Yes","No",,,,,"0",,"0",,,"0",,,,,,,,,,,"New Construction","70 % present value","Not in DDA","In a qualified tract","Yes","0"
"-96.7173233032","POINT (-96.71732330299994 32.80137634300007)","481130122081","TXA1997055","32.8013763428","ENCHANTED HILLS","7802 VILLA CLIFF DR","DALLAS","TX","75228","ENCHANTED HILLS LP","-9,999","229","229","100","0 Eff, 90 1BR, 135 2BR, 0 3BR, 0 4BR",,,"0","1,997","1,995","No",,"No","No",,"No",,,"0",,"0",,,"0",,,,,,,,,,,"Acquisition and Rehab","70 % present value","Not in DDA","Not in a qualified tract","Yes","0"
"-96.8301467896","POINT (-96.83014678999996 32.723411560000045)","481130062003","TXA0000204","32.7234115601","WYNNEWOOD FAMILY HOUSING","2048 S ZANG BLVD","DALLAS","TX",,"WYNNEWOOD FAMILY HOUSING LP","-9,999","161","160","99.38",,"60% AMGI",,"0","-9,999","2,013","No",,"No","No",,,,"No","0","No","0",,,"0",,,,,"Yes","No","No","Yes","No","UNSPECIFIED","Not Indicated","Not Indicated",,,"Yes","0"
"-96.78175354","POINT (-96.78175353999995 32.808200836000026)","481130008003","TXA2002035","32.8082008362","CARROLL TOWNHOMES","2202 KIRBY ST","DALLAS","TX","75204","71 CARROLL PLACE LP","-9,999","71","71","100",,,,"0","2,002","2,000",,,,,,,,,"0",,"0",,,"0",,,,,,,,,,,"Not Indicated","Not Indicated","Not in DDA","In a qualified tract","Yes","0"
"-96.7606812271","POINT (-96.76068122699996 32.69912157700003)","481130087012","TXA2000100","32.6991215774","OAKWOOD PLACE APTS","4950 WADSWORTH DR","DALLAS","TX","75216","WADSWORTH APTS LTD","-9,999","206","155","75.24",,,,"0","2,000","1,999",,"Increase in eligible basis","Yes","No",,,,,"0",,"0",,,"0",,,,,,,,,,,"Acquisition and Rehab","70 % present value","Not in DDA","In a qualified tract","Yes","0"
"-96.6513366699","POINT (-96.65133666999998 32.763774872000056)","481130121003","TXA2006330","32.7637748718","ROSEMONT AT SIERRA VISTA (SCYENE)","9901 SCYENE RD","DALLAS","TX","75227","PINNACLE FAMILY OF COMPANIES - TEXAS OFFICE","776,433","250","250","100","0 Eff, 52 1BR, 112 2BR, 0 3BR, 0 4BR","60% AMGI","No","0","2,006","2,004",,,"No",,,"No",,"No","0",,"0",,,"0",,,,,"No",,,,,,"New Construction","30 % present value","Not in DDA","Not in a qualified tract","Yes","0"
"-96.7699661255","POINT (-96.76996612499994 32.69643020600006)","481130087042","TXA2003310","32.6964302063","ROSEMONT OF OAK HOLLOW","3015 E LEDBETTER DR","DALLAS","TX","75216","PINNACLE FAMILY OF COMPANIES - TEXAS OFFICE","-9,999","153","153","100",,,,"0","2,003","2,001","No","Tax-exempt bond received","No","Yes",,"No",,"No","0","No","0","No",,"0",,,,,"No",,,,,,"New Construction","30 % present value","Not in DDA","In a qualified tract","Yes","0"
"-96.7882232666","POINT (-96.78822326699998 32.80228042600004)","481130016002","TXA1997210","32.802280426","TREYMORE AT CITYPLACE","2101 N HASKELL AVE","DALLAS","TX","75204","CARLETON IN-TOWN HOUSING PARTNERS LTD","-9,999","180","72","40","0 Eff, 83 1BR, 73 2BR, 0 3BR, 0 4BR",,,"0","1,997","1,995","No","Increase in eligible basis","Yes","No",,"No",,,"0",,"0",,,"0",,,,,,,,,,,"New Construction","70 % present value","Not in DDA","In a qualified tract","Yes","0"
"-96.8627166748","POINT (-96.86271667499994 32.785091400000056)","481130205001","TXA2009040","32.7850914001","VILLAGE AT LAKEWEST APTS I","2696 BICKERS ST","DALLAS","TX","75212","LAKEWEST SENIOR HOUSING","-9,999","180","180","100","0 Eff, 180 1BR, 0 2BR, 0 3BR, 0 4BR","60% AMGI",,"0","2,009","2,011","No","Increase in eligible basis, Tax-exempt bond received","Yes","Yes",,,,"No","0","No","0",,,"0",,,,,"No",,,,,,"New Construction","30 % present value","Not in DDA","In a qualified tract","Yes","0"
"-96.8796234131","POINT (-96.87962341299999 32.65012741100003)","481130166052","TXA2004405","32.6501274109","WEST VIRGINIA PARK APTS","8004 W VIRGINIA DR","DALLAS","TX","75237","WEST VIRGINIA APTS LTD","-9,999","204","204","100",,,,"0","2,004","2,003","No","Tax-exempt bond received","No","Yes",,,,"No","0",,"0",,,"0",,,,,,,,,,,"New Construction","30 % present value","Not in DDA","In a qualified tract","Yes","0"
"-96.8683351528","POINT (-96.86833515299998 32.817945415000054)","481130100002","TXA2005250","32.8179454153","PEGASUS VILLAS","7200 N STEMMONS FWY","DALLAS","TX","75247","PEGASUS VILLAS LTD","-9,999","156","124","79.49","0 Eff, 87 1BR, 69 2BR, 0 3BR, 0 4BR",,,"0","2,005","2,003","No",,"No","No",,"No",,"No","0","No","0","No",,"0",,,,,"No",,,,,,"New Construction","70 % present value","Not in DDA","In a qualified tract","Yes","0"
"-96.8115251738","POINT (-96.81152517399994 32.734907100000044)","481130054001","TXA2007350","32.7349071001","SPHINX AT REESE COURT","1201 S EWING AVE","DALLAS","TX","75216","SPHINX DEVELOPMENT CORP","597,776","80","80","100","0 Eff, 18 1BR, 36 2BR, 0 3BR, 0 4BR","60% AMGI","Yes","9","2,007","2,005","No",,"No","No",,,,"No","0","No","0",,,"0",,,,,"No",,,,,,"New Construction","70 % present value","Not in DDA","Not in a qualified tract","Yes","0"
"-96.6465377808","POINT (-96.64653778099995 32.731582642000035)","481130118002","TXA2005370","32.7315826416","THE MASTERS APTS","1180 N MASTERS DR","DALLAS","TX","75217","THE MASTERS APTS LP","-9,999","144","144","100",,,,"0","2,005","2,004","No","Tax-exempt bond received","No","Yes",,"No",,"No","0","No","0","No",,"0",,,,,"No",,,,,,"New Construction","30 % present value","Not in DDA","In a qualified tract","Yes","0"
"-96.754606","POINT (-96.75460599999997 32.93621200000007)","481130192131","TXA1997200","32.936212","WATERFORD AT GOLDMARK","13695 GOLDMARK DR","DALLAS","TX","75240","MYERS M DEVELOPMENT INC","-9,999","220","165","75","0 Eff, 112 1BR, 108 2BR, 0 3BR, 0 4BR",,,"0","1,997","1,995","No","Increase in eligible basis","Yes","No",,"No",,,"0",,"0",,,"0",,,,,,,,,,,"New Construction","70 % present value","Not in DDA","In a qualified tract","Yes","0"
"-96.7626728722","POINT (-96.76267287199994 32.80559792100007)","481130014001","TXA1991390","32.8055979209","ROYAL PALM","5520 GASTON AVE","DALLAS","TX","75214","MITCHELL KENNETH H CPA","-9,999","23","23","100","0 Eff, 19 1BR, 4 2BR, 0 3BR, 0 4BR",,,"0","1,991","1,991","No",,"No",,,"No",,,"0",,"0",,,"0",,,,,,,,,,,"Acquisition and Rehab","Not Indicated","Not in DDA","In a qualified tract","Yes","0"
"-96.916681","POINT (-96.91668099999998 32.74015300000008)","481130107042","TXA2005020","32.740153","ARTISAN RIDGE","5480 PREAKNESS LN","DALLAS","TX","75211","FDC FRANKLIN COMMONS C LTD","-9,999","264","264","100",,,,"0","2,005","2,003","No","Tax-exempt bond received","No","Yes",,"No",,"No","0","No","0","No",,"0",,,,,"No",,,,,,"New Construction","30 % present value","Not in DDA","In a qualified tract","Yes","0"
"-96.7611182075","POINT (-96.76111820699998 32.93605403500004)","481130192122","TXA1991305","32.9360540348","MIDPARK CROSSING","13750 MAHAM RD","DALLAS","TX","75240","MITCHELL KENNETH H CPA","-9,999","244","244","100","0 Eff, 144 1BR, 104 2BR, 0 3BR, 0 4BR",,,"0","1,991","1,990","No",,"No",,,"No",,,"0",,"0",,,"0",,,,,,,,,,,"Acquisition and Rehab","Not Indicated","Not in DDA","In a qualified tract","Yes","0"
"-96.753892","POINT (-96.75389199999995 32.936776000000066)","481130192132","TXA1999205","32.936776","TUSCANY AT GOLDMARK","13731 GOLDMARK DR","DALLAS","TX","75240","MYERS M DEVELOPMENT INC","-9,999","184","138","75","0 Eff, 0 1BR, 184 2BR, 0 3BR, 0 4BR",,,"0","1,999","1,997","No","Increase in eligible basis","Yes","No",,"No",,,"0",,"0",,,"0",,,,,,,,,,,"New Construction","70 % present value","Not in DDA","In a qualified tract","Yes","0"
"-96.7380905151","POINT (-96.73809051499995 32.775245667000036)","481130027011","TXA0000407","32.7752456665","MILL CITY PARC TOWNHOMES","4848 HATCHER ST","DALLAS","TX","75210",,"-9,999","116","0","-9,999",,,,"0","-9,999","-9,999",,,,,,,,,"0",,"0",,,"0",,,,,,,,,,,"Not Indicated","Not Indicated",,,"Yes","0"
"-96.7762515978","POINT (-96.77625159799999 32.79955302900004)","481130015042","TXA1994240","32.7995530293","PRINCE OF WALES","4515 LIVE OAK ST","DALLAS","TX","75204","PRINCE OF WALES PARTNERSHIP","-9,999","61","61","100","61 Eff, 0 1BR, 0 2BR, 61 3BR, 0 4BR",,,"0","1,994","1,993","No","Increase in eligible basis","Yes",,,"No",,,"0",,"0",,,"0",,,,,,,,,,,"Acquisition and Rehab","Not Indicated","Not in DDA","In a qualified tract","Yes","0"
"-96.6693954468","POINT (-96.66939544699994 32.809215546000075)","481130123021","TXA2001230","32.8092155457","TREYMORE EASTFIELD","2631 JOHN W RD","DALLAS","TX","75228","CARLETON - LA PRADA LTD","-9,999","196","150","76.53","0 Eff, 108 1BR, 48 2BR, 0 3BR, 0 4BR",,,"0","2,001","1,999","No",,"No","No",,"No",,,"0",,"0",,,"0",,,,,,,,,,,"New Construction","70 % present value","Not in DDA","Not in a qualified tract","Yes","0"
"-96.8254394531","POINT (-96.82543945299994 32.69643783600003)","481130060021","TXA0000464","32.6964378357","PROVIDENCE AT VILLAGE FAIR","5151 VILLAGE FAIR DR","DALLAS","TX","75224",,"-9,999","235","0","-9,999",,,,"0","-9,999","-9,999",,,,,,,,,"0",,"0",,,"0",,,,,,,,,,,"Not Indicated","Not Indicated",,,"Yes","0"
"-96.7534866333","POINT (-96.75348663299997 32.73622512800006)","481130115003","TXA2012839","32.7362251282","BUCKEYE TRAIL COMMONS II","6717 BEXAR ST","DALLAS","TX","75215","BEXAR PARC","-9,999","116","116","100",,"60% AMGI",,"0","2,012","2,011","No","Rental assistance contract","No","No",,,,"No","0","No","0",,,"0",,,,,"No",,,,,,"Not Indicated","Not Indicated","Not in DDA","In a qualified tract","Yes","0"
"-96.8410263062","POINT (-96.84102630599995 32.699249268000074)","481130061002","TXA1995365","32.6992492676","SPRING RIDGE APTS","3604 LEGENDARY LN","DALLAS","TX","75224","WESTERN RIM INVESTORS 1994-4","-9,999","196","196","100","2 Eff, 78 1BR, 103 2BR, 2 3BR, 0 4BR",,,"0","1,995","1,993","No",,"No","No",,"No",,,"0",,"0",,,"0",,,,,,,,,,,"Acquisition and Rehab","70 % present value","Not in DDA","Not in a qualified tract","Yes","0"
"-96.8676223755","POINT (-96.86762237499994 32.749584198000036)","481130068001","TXA1991450","32.749584198","TELSTAR APTS","510 WESTMOUNT AVE","DALLAS","TX","75211","MITCHELL KENNETH H CPA","-9,999","100","100","100","0 Eff, 48 1BR, 52 2BR, 0 3BR, 0 4BR",,,"0","1,991","1,991","No",,"No",,,"No",,,"0",,"0",,,"0",,,,,,,,,,,"Acquisition and Rehab","Not Indicated","Not in DDA","Not in a qualified tract","Yes","0"
"-96.8143310547","POINT (-96.81433105499997 32.93148040800003)","481130136261","TXA1996120","32.9314804077","PETERSON PLACE APTS","5423 PETERSON LN","DALLAS","TX","75240","CMA I LTD","-9,999","168","168","100","16 Eff, 64 1BR, 72 2BR, 16 3BR, 0 4BR",,,"0","1,996","1,994","No",,"No","No",,"No",,,"0",,"0",,,"0",,,,,,,,,,,"Acquisition and Rehab","Both 30% and 70% present value","Not in DDA","Not in a qualified tract","Yes","0"
"-96.7884216309","POINT (-96.78842163099995 32.79965591400003)","481130016002","TXA2003285","32.7996559143","ROSELAND ESTATES","1949 N WASHINGTON AVE","DALLAS","TX","75204","71 CARROLL PLACE","-9,999","138","104","75.36",,,,"0","2,003","2,002","No",,"No","No",,"No",,"No","0","No","0","No",,"0",,,,,"No",,,,,,"Acquisition and Rehab","70 % present value","Not in DDA","In a qualified tract","Yes","0"
"-96.6717910767","POINT (-96.67179107699997 32.807094574000075)","481130123021","TXA2004280","32.807094574","ROSEMONT AT ASK CREEK","2563 JOHN W RD","DALLAS","TX","75228","PINNACLE FAMILY OF COMPANIES - TEXAS OFFICE","-9,999","280","280","100",,,,"0","2,004","2,003","No","Tax-exempt bond received","No","Yes",,,,"No","0",,"0",,,"0",,,,,,,,,,,"New Construction","30 % present value","Not in DDA","In a qualified tract","Yes","0"
"-96.8003651814","POINT (-96.80036518099996 32.746354146000044)","481130049002","TXA2010090","32.7463541456","SPHINX AT FIJI SENIOR","201 FRAN WAY","DALLAS","TX","75203","SPHINX DEVELOPMENT CORP","-9,999","130","130","100","0 Eff, 64 1BR, 66 2BR, 0 3BR, 0 4BR","60% AMGI",,"0","2,010","2,008","No",,"No","No",,,,"No","0","No","0",,,"0",,,,,"No",,,,,,"Not Indicated","Not Indicated","Not in DDA","In a qualified tract","Yes","0"
"-96.7140248409","POINT (-96.71402484099997 32.71437544500003)","481130093044","TXA2003290","32.7143754452","ROSEMONT AT PEMBERTON HILL","220 STONEPORT DR","DALLAS","TX","75217","PINNACLE FAMILY OF COMPANIES - TEXAS OFFICE","-9,999","236","236","100",,,,"0","2,003","2,001","No","Tax-exempt bond received","No","Yes",,"No",,"No","0","No","0","No",,"0",,,,,"No",,,,,,"New Construction","30 % present value","Not in DDA","In a qualified tract","Yes","0"
"-96.985974","POINT (-96.98597399999994 32.73485500000004)","481130159003","TXA2006445","32.734855","HOMES OF MOUNTAIN CREEK","1350 SKYLINE RD","GRAND PRAIRIE","TX","75051","MOUNTAIN CREEK APTS LP","729,317","200","200","100","0 Eff, 44 1BR, 88 2BR, 0 3BR, 0 4BR","60% AMGI","No","0","2,006","2,005",,"Increase in eligible basis","Yes",,,"No",,"No","0",,"0",,,"0",,,,,"No",,,,,,"New Construction","30 % present value","Not in DDA","In a qualified tract","Yes","0"
"-96.8262557983","POINT (-96.82625579799998 32.69942855800008)","481130060021","TXA2004180","32.6994285583","MADISON POINT APTS (DALLAS)","220 W OVERTON RD","DALLAS","TX","75224","PICERNE REAL ESTATE GROUP","-9,999","176","140","79.55",,,,"0","2,004","2,002","No",,"No","No",,,,"No","0",,"0",,,"0",,,,,,,,,,,"New Construction","70 % present value","Not in DDA","In a qualified tract","Yes","0"
"-96.7583465576","POINT (-96.75834655799997 32.80989456200007)","481130014003","TXA1991090","32.8098945618","LAKEWOOD GARDENS","5909 GASTON AVE","DALLAS","TX","75214","MITCHELL KENNETH H CPA","-9,999","45","0","-9,999",,,,"0","1,991","1,991","No",,"No",,,"No",,,"0",,"0",,,"0",,,,,,,,,,,"Acquisition and Rehab","Not Indicated","Not in DDA","In a qualified tract","Yes","0"
"-96.7889099121","POINT (-96.78890991199995 32.79436874400005)","481130016001","TXA1995070","32.7943687439","BRYAN PLACE APTS","3219 SAN JACINTO ST","DALLAS","TX","75204","BRYAN AFFORDABLE APTS LP","-9,999","22","22","100","0 Eff, 6 1BR, 16 2BR, 0 3BR, 0 4BR",,,"0","1,995","1,993","No","Increase in eligible basis","Yes","No",,"No",,,"0",,"0",,,"0",,,,,,,,,,,"Acquisition and Rehab","70 % present value","Not in DDA","In a qualified tract","Yes","0"
"-96.6523337127","POINT (-96.65233371299996 32.76825517700007)","481130121003","TXA2004225","32.7682551774","PRAIRIE COMMONS","9850 MILITARY PKWY","DALLAS","TX","75227","DMA PROPERTIES LLC","-9,999","72","54","75",,,,"0","2,004","2,002","No",,"No","No",,,,"No","0",,"0",,,"0",,,,,,,,,,,"New Construction","70 % present value","Not in DDA","Not in a qualified tract","Yes","0"
"-96.7777328491","POINT (-96.77773284899996 32.76339340200008)","481130034002","TXA2002265","32.7633934021","SOUTH BOULEVARD RETIREMENT CENTER","1811 S BLVD","DALLAS","TX","75215","OPERATION RELIEF COMMUNITY DEVELOPMENT CORP","-9,999","30","30","100",,,,"0","2,002","1,999",,,,,,,,,"0",,"0",,,"0",,,,,,,,,,,"Not Indicated","Not Indicated","Not in DDA","In a qualified tract","Yes","0"
"-96.6766281128","POINT (-96.67662811299994 32.84641647300003)","481130127014","TXA0000131","32.8464164734","FLORA STREET LOFTS","2121 N FAROLA DR","DALLAS","TX","75228","FLORA STREET LOFTS LTD","-9,999","47","39","82.98",,"60% AMGI",,"0","-9,999","2,013","No",,"No","No",,,,"No","0","No","0",,,"0",,,,,"Yes","No","No","No","No","SPECIAL NEEDS","Not Indicated","Not Indicated",,,"Yes","0"
"-96.8678817749","POINT (-96.86788177499994 32.70566177400008)","481130108042","TXA1991350","32.7056617737","PARKWOODS APTS","3035 W PENTAGON PKWY","DALLAS","TX","75233","MITCHELL KENNETH H CPA","-9,999","826","826","100","22 Eff, 230 1BR, 382 2BR, 22 3BR, 0 4BR",,,"0","1,991","1,991","No",,"No",,,"No",,,"0",,"0",,,"0",,,,,,,,,,,"Acquisition and Rehab","Not Indicated","Not in DDA","In a qualified tract","Yes","0"
"-96.8668212891","POINT (-96.86682128899997 32.78368377700008)","481130205002","TXA0000368","32.7836837769","LAKEVIEW TOWNHOMES","3020 BICKERS ST","DALLAS","TX","75212",,"-9,999","152","0","-9,999",,,,"0","-9,999","-9,999",,,,,,,,,"0",,"0",,,"0",,,,,,,,,,,"Not Indicated","Not Indicated",,,"Yes","0"
"-96.8329696655","POINT (-96.83296966599994 32.84670257600004)","481130071022","TXA1991295","32.8467025757","MARCH STREET","4528 MARCH AVE","DALLAS","TX","75209","DALLAS CITY HOMES INC","-9,999","60","60","100","0 Eff, 0 1BR, 60 2BR, 0 3BR, 0 4BR",,,"0","1,991","1,990","Yes",,"No",,,"No",,,"0",,"0",,,"0",,,,,,,,,,,"Acquisition and Rehab","Not Indicated","Not in DDA","Not in a qualified tract","Yes","0"
"-96.872506","POINT (-96.87250599999999 32.65841300000005)","481130109023","TXA1996190","32.658413","PARK AT CLIFF CREEK","7310 MARVIN D LOVE FWY","DALLAS","TX","75237","RIVERSIDE CCF/CB PARTNERS LP","-9,999","280","280","100","24 Eff, 48 1BR, 120 2BR, 24 3BR, 0 4BR","60% AMGI",,"0","1,996","1,995","No",,"No","No",,"No",,"No","0",,"0",,,"0",,,,,"Yes","No","No","Yes","No",,"Acquisition and Rehab","Not Indicated","Not in DDA","Not in a qualified tract","Yes","0"
"-96.6479339048","POINT (-96.64793390499995 32.73079876500003)","481130118002","TXA1995145","32.730798765","FOREST GROVE","10203 BUDTIME LN","DALLAS","TX","75217","HERITAGE PROPERTY MGMT INC","-9,999","85","85","100","0 Eff, 0 1BR, 0 2BR, 0 3BR, 0 4BR",,,"0","1,995","1,993","No",,"No","No",,"No",,,"0",,"0",,,"0",,,,,,,,,,,"New Construction","70 % present value","Not in DDA","Not in a qualified tract","Yes","0"
"-96.849911","POINT (-96.84991099999996 32.75189100000006)","481130042023","TXA1990320","32.751891","VILLAGE OF FOREST HILLS I","1919 STEVENS FOREST DR","DALLAS","TX","75208","VILLAGES OF FOREST HILLS I","-9,999","93","93","100","20 Eff, 1 1BR, 2 2BR, 20 3BR, 32 4BR",,,"0","1,990","1,988","No",,"No",,,"No",,,"0",,"0",,,"0",,,,,,,,,,,"New Construction","Not Indicated","Not in DDA","Not in a qualified tract","Yes","0"
"-96.7746187356","POINT (-96.77461873599998 32.69343592800004)","481130087042","TXA1990185","32.6934359276","GABRIEL GARDENS APTS","2805 E LEDBETTER DR","DALLAS","TX","75216","GARDEN BROOK ASSOC LTD","-9,999","201","201","100","0 Eff, 87 1BR, 96 2BR, 0 3BR, 0 4BR",,,"0","1,990","1,989","No",,"No",,,"No",,,"0",,"0",,,"0",,,,,,,,,,,"Acquisition and Rehab","Not Indicated","Not in DDA","In a qualified tract","Yes","0"
"-96.7906776127","POINT (-96.79067761299996 32.689903034000054)","481130087043","TXA1987190","32.6899030341","GOLDEN HELMET APTS","2121 52ND ST","DALLAS","TX","75216","WEISFELD WEISFELD & LEVINSON","-9,999","73","73","100","0 Eff, 5 1BR, 68 2BR, 0 3BR, 0 4BR",,,"0","1,987","1,987","No",,"No",,,"No",,,"0",,"0",,,"0",,,,,,,,,,,"Existing","Not Indicated","Not in DDA","In a qualified tract","No","0"
"-96.7678454492","POINT (-96.76784544899999 32.77335973800007)","481130203002","TXA2001060","32.7733597375","EBAN VILLAGE II","3011 PARK ROW AVE","DALLAS","TX","75215","EBAN VILLAGE II LTD","-9,999","220","165","75","0 Eff, 77 1BR, 102 2BR, 0 3BR, 0 4BR",,,"0","2,001","1,999","No","Increase in eligible basis","Yes","No",,"No",,,"0",,"0",,,"0",,,,,,,,,,,"New Construction","70 % present value","Not in DDA","In a qualified tract","Yes","0"
"-96.6729888916","POINT (-96.67298889199998 32.810138702000074)","481130123021","TXA0000459","32.8101387024","PRIMROSE AT PARK VILLAS","2519 JOHN W RD","DALLAS","TX","75228",,"-9,999","232","0","-9,999",,,,"0","-9,999","-9,999",,,,,,,,,"0",,"0",,,"0",,,,,,,,,,,"Not Indicated","Not Indicated",,,"Yes","0"
"-96.8572235107","POINT (-96.85722351099997 32.71404266400003)","481130108041","TXA0000462","32.7140426636","PRIMROSE OAKS (OAKS AT HAMPTONS)","2514 PERRYTON DR","DALLAS","TX","75224",,"-9,999","248","0","-9,999",,,,"0","-9,999","-9,999",,,,,,,,,"0",,"0",,,"0",,,,,,,,,,,"Not Indicated","Not Indicated",,,"Yes","0"
"-96.8155941314","POINT (-96.81559413099995 32.758490960000074)","481130020002","TXA1996085","32.7584909595","HILLCREST HOUSE","834 N MARSALIS AVE","DALLAS","TX","75203","HI LLCREST HOUSE PARTNERSHIP LTD","-9,999","64","64","100","64 Eff, 0 1BR, 0 2BR, 64 3BR, 0 4BR",,,"0","1,996","1,994","No","Increase in eligible basis","Yes","No",,"No",,,"0",,"0",,,"0",,,,,,,,,,,"Acquisition and Rehab","70 % present value","Not in DDA","In a qualified tract","Yes","0"
"-96.6749103705","POINT (-96.67491037099995 32.77304474700003)","481130090005","TXA2005340","32.7730447472","SPHINX AT DELAFIELD VILLAS","4101 DELAFIELD LN","DALLAS","TX","75227","SPHINX DEVELOPMENT CORP","-9,999","205","204","99.51",,,,"0","2,005","2,004","No","Tax-exempt bond received","No","Yes",,"No",,"No","0","No","0","No",,"0",,,,,"No",,,,,,"New Construction","30 % present value","Not in DDA","In a qualified tract","Yes","0"
"-96.7248904402","POINT (-96.72489043999997 32.90656786400007)","481130185031","TXA1993180","32.9065678639","STERLING CREST VILLAGE APT","11606 OAKSHIRE PL","DALLAS","TX","75243","WYNDHAM CREST PROPERTIES LP","-9,999","230","230","100","0 Eff, 180 1BR, 50 2BR, 0 3BR, 0 4BR",,,"0","1,993","1,991","No",,"No",,,"No",,,"0",,"0",,,"0",,,,,,,,,,,"Acquisition and Rehab","Not Indicated","Not in DDA","Not in a qualified tract","Yes","0"
"-96.7627563477","POINT (-96.76275634799998 32.932731628000056)","481130192083","TXA1991515","32.9327316284","WOODSIDE TERRACE APTS","14018 BROOKGREEN DR","DALLAS","TX","75240","MITCHELL KENNETH H CPA","-9,999","230","230","100","30 Eff, 102 1BR, 98 2BR, 30 3BR, 0 4BR",,,"0","1,991","1,991","No",,"No",,,"No",,,"0",,"0",,,"0",,,,,,,,,,,"Acquisition and Rehab","Not Indicated","Not in DDA","Not in a qualified tract","Yes","0"
"-96.842194621","POINT (-96.84219462099998 32.699791755000035)","481130061002","TXA1991260","32.6997917553","KINGS CASTLE APTS","3625 LEGENDARY LN","DALLAS","TX","75224","MITCHELL KENNETH H CPA","-9,999","66","66","100","0 Eff, 7 1BR, 52 2BR, 0 3BR, 0 4BR",,,"0","1,991","1,991","No",,"No",,,"No",,,"0",,"0",,,"0",,,,,,,,,,,"Acquisition and Rehab","Not Indicated","Not in DDA","Not in a qualified tract","Yes","0"
"-96.7579345703","POINT (-96.75793456999997 32.87311554000007)","481130078151","TXA1992220","32.8731155396","JUNCTION APTS",,"DALLAS","TX",,"MITCHELL KENNETH H CPA","-9,999","207","207","100","63 Eff, 113 1BR, 31 2BR, 63 3BR, 0 4BR",,,"0","1,992","1,990","No",,"No",,,"No",,,"0",,"0",,,"0",,,,,,,,,,,"Acquisition and Rehab","Not Indicated",,,"Yes","0"
"-96.6998977661","POINT (-96.69989776599994 32.709278107000046)","481130116013","TXA0000454","32.7092781067","PLEASANT VILLAGE","378 S JIM MILLER RD","DALLAS","TX","75217",,"-9,999","200","0","-9,999",,,,"0","-9,999","-9,999",,,,,,,,,"0",,"0",,,"0",,,,,,,,,,,"Not Indicated","Not Indicated",,,"Yes","0"
"-96.7526473999","POINT (-96.75264739999994 32.867179871000076)","481130078203","TXA1991140","32.8671798706","CRESTRIDGE APTS","6417 RIDGECREST RD","DALLAS","TX","75231","MITCHELL KENNETH H CPA","-9,999","110","110","100","0 Eff, 107 1BR, 3 2BR, 0 3BR, 0 4BR",,,"0","1,991","1,991","No",,"No",,,"No",,,"0",,"0",,,"0",,,,,,,,,,,"Acquisition and Rehab","Not Indicated","Not in DDA","Not in a qualified tract","Yes","0"
"-96.811706543","POINT (-96.81170654299996 32.933521271000075)","481130136152","TXA1996070","32.9335212708","DALLAS NORTH APTS","5557 ALPHA RD","DALLAS","TX","75240","CMA II LTD","-9,999","206","206","100","0 Eff, 110 1BR, 88 2BR, 0 3BR, 0 4BR",,,"0","1,996","1,994","No",,"No","No",,"No",,,"0",,"0",,,"0",,,,,,,,,,,"Acquisition and Rehab","Both 30% and 70% present value","Not in DDA","Not in a qualified tract","Yes","0"
"-96.716835022","POINT (-96.71683502199994 32.71392059300007)","481130093043","TXA1998115","32.7139205933","LAS LOMAS APTS","6161 TRAIL GLEN DR","DALLAS","TX","75217","LAS LOMAS ASSOC LTD","-9,999","230","138","60","0 Eff, 108 1BR, 84 2BR, 0 3BR, 2 4BR",,,"0","1,998","1,996","No","Increase in eligible basis","Yes","No",,"No",,,"0",,"0",,,"0",,,,,,,,,,,"Acquisition and Rehab","70 % present value","Not in DDA","In a qualified tract","Yes","0"
"-96.7903213501","POINT (-96.79032134999994 32.80078887900004)","481130016002","TXA0000494","32.8007888794","ROSELAND GARDENS*","2255 N WASHINGTON AVE","DALLAS","TX","75204",,"-9,999","100","0","-9,999",,,,"0","-9,999","-9,999",,,,,,,,,"0",,"0",,,"0",,,,,,,,,,,"Not Indicated","Not Indicated",,,"Yes","0"
"-96.7884216309","POINT (-96.78842163099995 32.79965591400003)","481130016002","TXA2001160","32.7996559143","ROSELAND TOWNHOMES","1949 N WASHINGTON AVE","DALLAS","TX","75204","ROSELAND FAMILY COMMUNITY LP","-9,999","189","144","76.19","0 Eff, 10 1BR, 74 2BR, 0 3BR, 15 4BR",,,"0","2,001","1,999","No","Increase in eligible basis","Yes","No",,"No",,,"0",,"0",,,"0",,,,,,,,,,,"New Construction","70 % present value","Not in DDA","In a qualified tract","Yes","0"
"-96.6711883545","POINT (-96.67118835399998 32.80906295800003)","481130123021","TXA0000495","32.8090629578","ROSEMONT AT ASH CREEK","2605 JOHN W RD","DALLAS","TX","75228",,"-9,999","278","0","-9,999",,,,"0","-9,999","-9,999",,,,,,,,,"0",,"0",,,"0",,,,,,,,,,,"Not Indicated","Not Indicated",,,"Yes","0"
"-96.7745742798","POINT (-96.77457427999997 32.71857833900003)","481130086041","TXA0000498","32.7185783386","ROSEMONT AT CEDAR CREST","3303 SOUTHERN OAKS BLVD","DALLAS","TX","75216",,"-9,999","256","0","-9,999",,,,"0","-9,999","-9,999",,,,,,,,,"0",,"0",,,"0",,,,,,,,,,,"Not Indicated","Not Indicated",,,"Yes","0"
"-96.8735961914","POINT (-96.87359619099999 32.644935608000026)","481130166052","TXA0000501","32.6449356079","ROSEMONT AT HICKORY TRACE","8410 S WESTMORELAND RD","DALLAS","TX","75237",,"-9,999","180","0","-9,999",,,,"0","-9,999","-9,999",,,,,,,,,"0",,"0",,,"0",,,,,,,,,,,"Not Indicated","Not Indicated",,,"Yes","0"
"-96.6694412231","POINT (-96.66944122299998 32.811733246000074)","481130123021","TXA2005325","32.8117332458","SHILOH VILLAGE APTS","8702 SHILOH RD","DALLAS","TX","75228","SHILOH VILLAGE ASSOC LLC","-9,999","168","168","100",,,,"0","2,005","2,004","No",,"No","No",,"No",,"No","0","No","0","No",,"0",,,,,"No",,,,,,"Acquisition and Rehab","70 % present value","Not in DDA","In a qualified tract","Yes","0"
"-96.8833618164","POINT (-96.88336181599999 32.90515899700006)","481130096103","TXA1995355","32.9051589966","SIERRA VISTA APTS","2775 NORTHAVEN RD","DALLAS","TX","75229","SIERRA VISTA APTS LP","-9,999","224","224","100","0 Eff, 96 1BR, 108 2BR, 0 3BR, 0 4BR",,,"0","1,995","1,993","Yes",,"No","No",,"No",,,"0",,"0",,,"0",,,,,,,,,,,"Acquisition and Rehab","Both 30% and 70% present value","Not in DDA","Not in a qualified tract","Yes","0"
"-96.7611618042","POINT (-96.76116180399998 32.93804931600005)","481130192122","TXA1995245","32.9380493164","MEADOWCREEK APTS","14000 MAHAM RD","DALLAS","TX","75240","DALLAS MEADOWCREEK ASSOC LTD","-9,999","71","71","100","0 Eff, 28 1BR, 39 2BR, 0 3BR, 0 4BR",,,"0","1,995","1,993","No","Increase in eligible basis","Yes","No",,"No",,,"0",,"0",,,"0",,,,,,,,,,,"Acquisition and Rehab","Both 30% and 70% present value","Not in DDA","In a qualified tract","Yes","0"
"-96.8761520386","POINT (-96.87615203899998 32.75460815400004)","481130107011","TXA2011832","32.7546081543","TAYLOR FARMS","32 PINNACLE PARK BLVD","DALLAS","TX",,"TF DEVELOPMENT LP","-9,999","160","160","100","0 Eff, 48 1BR, 88 2BR, 0 3BR, 0 4BR","60% AMGI",,"0","2,011","2,009","No",,"No","No",,,,"No","0","No","0",,,"0",,,,,"No",,,,,,"Not Indicated","Not Indicated",,,"Yes","0"
"-96.8772277832","POINT (-96.87722778299997 32.855442047000054)","481130072015","TXA1993085","32.8554420471","LAKERIDGE APTS","2510 COMMUNITY DR","DALLAS","TX","75220","MITCHELL KENNETH H CPA","-9,999","66","66","100","0 Eff, 38 1BR, 28 2BR, 0 3BR, 0 4BR",,,"0","1,993","1,991","No",,"No",,,"No",,,"0",,"0",,,"0",,,,,,,,,,,"Acquisition and Rehab","Not Indicated","Not in DDA","Not in a qualified tract","Yes","0"
"-96.7519302368","POINT (-96.75193023699995 32.86520004300007)","481130078182","TXA1992125","32.8652000427","LE BARON ARMS APTS","6466 RIDGECREST RD","DALLAS","TX","75231","VICKERY DEVELOPMENT INC","-9,999","88","88","100","0 Eff, 44 1BR, 44 2BR, 0 3BR, 0 4BR",,,"0","1,992","1,990","No",,"No",,,"No",,,"0",,"0",,,"0",,,,,,,,,,,"Acquisition and Rehab","Not Indicated","Not in DDA","Not in a qualified tract","Yes","0"
"-96.796053661","POINT (-96.79605366099997 32.71181646800005)","481130088023","TXA1988705","32.7118164677","ST JAMES MANOR","3119 EASTER AVE","DALLAS","TX","75216","WILSHIRE","-9,999","100","100","100","0 Eff, 20 1BR, 40 2BR, 0 3BR, 12 4BR",,,"0","1,988","1,987","No",,"No",,,"No",,,"0",,"0",,,"0",,,,,,,,,,,"Existing","Not Indicated","Not in DDA","In a qualified tract","No","0"
"-96.7690887451","POINT (-96.76908874499998 32.67025756800007)","481130114013","TXA0000246","32.6702575684","CHAMPION TOWNHOMES AT PECAN GROVE","3131 SIMPSON STUART RD","DALLAS","TX","75241",,"-9,999","250","0","-9,999",,,,"0","-9,999","-9,999",,,,,,,,,"0",,"0",,,"0",,,,,,,,,,,"Not Indicated","Not Indicated",,,"Yes","0"
"-96.8826828003","POINT (-96.88268279999994 32.651706696000076)","481130166073","TXA1994060","32.6517066956","CEDAR RIDGE APTS - DALLAS","7905 MARVIN D LOVE FWY","DALLAS","TX","75237","CARLETON-CEDAR RIDGE LP","-9,999","192","192","100","0 Eff, 64 1BR, 128 2BR, 0 3BR, 0 4BR",,,"0","1,994","1,991","No",,"No",,,"No",,,"0",,"0",,,"0",,,,,,,,,,,"Acquisition and Rehab","Not Indicated","Not in DDA","Not in a qualified tract","Yes","0"
"-96.8721073945","POINT (-96.87210739499994 32.65890197300007)","481130109023","TXA1991445","32.6589019729","SURREY ROW","7272 MARVIN D LOVE FWY","DALLAS","TX","75237","PHC SURREY ROW LTD INC","-9,999","359","359","100","57 Eff, 142 1BR, 120 2BR, 57 3BR, 0 4BR",,,"0","1,991","1,989","No",,"No",,,"No",,,"0",,"0",,,"0",,,,,,,,,,,"New Construction","Not Indicated","Not in DDA","Not in a qualified tract","Yes","0"
"-96.7157923077","POINT (-96.71579230799995 32.80041683400003)","481130122081","TXA1993175","32.8004168344","SPRING GARDENS APTS","7803 FERGUSON RD","DALLAS","TX","75228","MITCHELL KENNETH H CPA","-9,999","60","60","100","0 Eff, 32 1BR, 28 2BR, 0 3BR, 0 4BR",,,"0","1,993","1,991","No",,"No",,,"No",,,"0",,"0",,,"0",,,,,,,,,,,"Acquisition and Rehab","Not Indicated","Not in DDA","Not in a qualified tract","Yes","0"
"-96.6583938599","POINT (-96.65839385999999 32.74972534200003)","481130120001","TXA0000017","32.7497253418","BRUTON APTS","9415 BRUTON RD","DALLAS","TX","75217","BRUTON APTS LTD","-9,999","-9,999","0","-9,999",,"60% AMGI",,"0","-9,999","2,014","No",,"No","No",,,,"No","0",,"0",,,"0",,,,,"Yes","No","No","No","No","UNSPECIFIED","New Construction","Not Indicated",,,"Yes","0"
"-96.8691711426","POINT (-96.86917114299996 32.87234115600006)","481130098042","TXA1995410","32.872341156","TRAILS REDEVELOPMENT (DALLAS)","3109 CHAPEL CREEK DR","DALLAS","TX","75220","PROPERTY SOLUTIONS USA INC","-9,999","302","302","100","0 Eff, 136 1BR, 156 2BR, 0 3BR, 0 4BR",,,"0","1,995","1,993","No",,"No","No",,"No",,,"0",,"0",,,"0",,,,,,,,,,,"Acquisition and Rehab","70 % present value","Not in DDA","Not in a qualified tract","Yes","0"
"-96.8668383558","POINT (-96.86683835599996 32.85859142700008)","481130072023","TXA1994230","32.8585914268","PINES POINT","3102 ORADELL LN","DALLAS","TX","75220","MITCHELL KENNETH H CPA","-9,999","327","327","100","55 Eff, 225 1BR, 47 2BR, 55 3BR, 0 4BR",,,"0","1,994","1,991","No",,"No",,,"No",,,"0",,"0",,,"0",,,,,,,,,,,"Acquisition and Rehab","Not Indicated","Not in DDA","Not in a qualified tract","Yes","0"
"-96.7159162411","POINT (-96.71591624099995 32.80344033700004)","481130122081","TXA2006200","32.8034403367","PRIMROSE AT HIGHLAND MEADOWS","2100 HIGHLAND RD","DALLAS","TX","75228","PINNACLE FAMILY OF COMPANIES - TEXAS OFFICE","935,153","150","120","80","0 Eff, 42 1BR, 108 2BR, 0 3BR, 0 4BR","60% AMGI","Yes","0","2,006","2,004","Yes","Increase in eligible basis","Yes",,,"No",,"No","0",,"0",,,"0",,,,,"Yes","No","Yes",,,,"New Construction","70 % present value","Not in DDA","In a qualified tract","Yes","1"
"-96.9471893311","POINT (-96.94718933099995 32.66659164400005)","481130165211","TXA0000497","32.6665916443","ROSEMONT AT BLUFF RIDGE","8125 CLARK RD","DALLAS","TX","75236",,"-9,999","253","0","-9,999",,,,"0","-9,999","-9,999",,,,,,,,,"0",,"0",,,"0",,,,,,,,,,,"Not Indicated","Not Indicated",,,"Yes","0"
"-96.8171615601","POINT (-96.81716155999999 32.659389496000074)","481130112001","TXA0000507","32.6593894958","ROSEMONT AT MISSION TRAILS (LAURELAND)","330 E CAMP WISDOM RD","DALLAS","TX","75241",,"-9,999","249","0","-9,999",,,,"0","-9,999","-9,999",,,,,,,,,"0",,"0",,,"0",,,,,,,,,,,"Not Indicated","Not Indicated",,,"Yes","0"
"-96.7282867432","POINT (-96.72828674299996 32.891387939000026)","481130078271","TXA1996025","32.8913879395","BROOKVIEW APT HOMES","8303 SKILLMAN ST","DALLAS","TX","75231","AHM FOUNDATION","-9,999","160","112","70","0 Eff, 100 1BR, 44 2BR, 0 3BR, 0 4BR",,,"0","1,996","1,995","No",,"No","No",,"No",,,"0",,"0",,,"0",,,,,,,,,,,"Acquisition and Rehab","70 % present value","Not in DDA","Not in a qualified tract","Yes","0"
"-96.7804489136","POINT (-96.78044891399998 32.80693054200003)","481130008003","TXA0000413","32.806930542","MONARCH TOWNHOMES","2008 KIRBY ST","DALLAS","TX","75204",,"-9,999","65","0","-9,999",,,,"0","-9,999","-9,999",,,,,,,,,"0",,"0",,,"0",,,,,,,,,,,"Not Indicated","Not Indicated",,,"Yes","0"
"-96.8659133911","POINT (-96.86591339099994 32.72106170700005)","481130108041","TXA1995275","32.7210617065","OAKRIDGE APTS","2803 W ILLINOIS AVE","DALLAS","TX","75233","BEVERLY PARTNERS LTD","-9,999","46","46","100","0 Eff, 14 1BR, 32 2BR, 0 3BR, 0 4BR",,,"0","1,995","1,993","No","Increase in eligible basis","Yes","No",,"No",,,"0",,"0",,,"0",,,,,,,,,,,"Acquisition and Rehab","Both 30% and 70% present value","Not in DDA","In a qualified tract","Yes","0"
"-96.8156048125","POINT (-96.81560481299994 32.75389615300003)","481130020003","TXA1991365","32.7538961528","PRINCE WILLIAM","504 N MARSALIS AVE","DALLAS","TX","75203","BBH ENTERPRISES INC","-9,999","12","12","100","0 Eff, 0 1BR, 5 2BR, 0 3BR, 0 4BR",,,"0","1,991","1,989","No",,"No",,,"No",,,"0",,"0",,,"0",,,,,,,,,,,"New Construction","Not Indicated","Not in DDA","In a qualified tract","Yes","0"
"-96.8724822998","POINT (-96.87248229999994 32.87433624300007)","481130098044","TXA1994070","32.8743362427","CORNERSTONE CHASE APTS","3120 VALLEY MEADOW DR","DALLAS","TX","75220","CORNERSTONE","-9,999","166","166","100","0 Eff, 58 1BR, 68 2BR, 0 3BR, 0 4BR",,,"0","1,994","1,992","Yes",,"No",,,"No",,,"0",,"0",,,"0",,,,,,,,,,,"Acquisition and Rehab","Not Indicated","Not in DDA","Not in a qualified tract","Yes","0"
"-96.6826171875","POINT (-96.68261718799994 32.76686859100005)","481130090005","TXA1993170","32.7668685913","SKYLINE APTS","3402 S BUCKNER BLVD","DALLAS","TX","75227","SOUTH BUCKNER LP","-9,999","272","272","100","0 Eff, 116 1BR, 156 2BR, 0 3BR, 0 4BR",,,"0","1,993","1,992","Yes",,"No",,,"No",,,"0",,"0",,,"0",,,,,,,,,,,"Acquisition and Rehab","Not Indicated","Not in DDA","Not in a qualified tract","Yes","0"
"-96.6555099487","POINT (-96.65550994899996 32.75175857500005)","481130120004","TXA2006460","32.7517585754","ST AUGUSTINE ESTATES","2222 N ST AUGUSTINE DR","DALLAS","TX","75227","ST AUGUSTINE ESTATE APTS LP","559,841","150","150","100","0 Eff, 75 1BR, 75 2BR, 0 3BR, 0 4BR","60% AMGI","No","0","2,006","2,005",,"Increase in eligible basis","Yes",,,"No",,"No","0",,"0",,,"0",,,,,"Yes","No","Yes",,,,"New Construction","30 % present value","Not in DDA","In a qualified tract","Yes","1"
"-96.754643","POINT (-96.75464299999999 32.737356000000034)","481130115003","TXA2012840","32.737356","BUCKEYE TRAIL COMMONS","6707 BUCKEYE CMNS","DALLAS","TX","75215","BEXAR PARC LP","-9,999","207","207","100",,"60% AMGI",,"0","2,012","2,011","No","Rental assistance contract","No","No",,,,"No","0","No","0",,,"0",,,,,"No",,,,,,"Not Indicated","Not Indicated","Not in DDA","In a qualified tract","Yes","0"
"-96.857793","POINT (-96.85779299999996 33.01162500000004)","481210216161","TXA1995385","33.011625","FOUNTAINS OF ROSEMEADE","3440 E ROSEMEADE PKWY","CARROLLTON","TX","75007","NORSTAR FOUNTAINS OF ROSEMEADE LLC","-9,999","382","382","100","0 Eff, 196 1BR, 136 2BR, 0 3BR, 2 4BR","60% AMGI",,"0","1,995","1,993","No",,"No","No",,"No",,"No","0",,"0",,,"0",,,,,"Yes","No","No","No","No","UNSPECIFIED","Acquisition and Rehab","Not Indicated","Not in DDA","Not in a qualified tract","Yes","0"
"-96.7691955566","POINT (-96.76919555699999 32.77236938500005)","481130203002","TXA1997045","32.7723693848","EBAN VILLAGE APTS","2929 PARK ROW AVE","DALLAS","TX",,"EBAN VILLAGE I LTD","-9,999","110","110","100","0 Eff, 30 1BR, 70 2BR, 0 3BR, 0 4BR",,,"0","1,997","1,995","No","Increase in eligible basis","Yes","No",,"No",,,"0",,"0",,,"0",,,,,,,,,,,"Acquisition and Rehab","70 % present value","Not in DDA","In a qualified tract","Yes","0"
"-96.8006591797","POINT (-96.80065917999997 32.78382873500004)","481130021001","TXA0000249","32.7838287354","CITY WALK AT AKARD","511 N AKARD ST","DALLAS","TX","75201",,"-9,999","198","0","-9,999",,,,"0","-9,999","-9,999",,,,,,,,,"0",,"0",,,"0",,,,,,,,,,,"Not Indicated","Not Indicated",,,"Yes","0"
"-96.7950820923","POINT (-96.79508209199997 32.77997970600006)","481130031011","TXA2012834","32.7799797058","ATMOS LOFTS","300 S ST PAUL ST","DALLAS","TX","75201","ATMOS LIHTC LLC","-9,999","107","107","100",,"60% AMGI",,"0","2,012","2,010","No",,"No","No",,,,"No","0","No","0",,,"0",,,,,"No",,,,,,"Not Indicated","Not Indicated","Not in DDA","Not in a qualified tract","Yes","0"
"-96.6671851426","POINT (-96.66718514299998 32.692439740000054)","481130116022","TXA2010811","32.69243974","HACIENDA DEL SOL","1207 GALICIA LN","DALLAS","TX","75217","GS 360 HOUSING LLC","-9,999","55","55","100","0 Eff, 0 1BR, 0 2BR, 0 3BR, 10 4BR","60% AMGI",,"0","2,010","2,009","No","TCEP funds","No","No",,,,"No","0","No","0",,,"0",,,,"Yes","No",,,,,,"Not Indicated","Not Indicated","Not in DDA","Not in a qualified tract","Yes","0"
"-96.8656387329","POINT (-96.86563873299997 32.64548873900003)","481130166052","TXA2004240","32.645488739","PROVIDENCE ON THE PARK","8501 OLD HICKORY TRAIL","DALLAS","TX","75237","OLD HICKORY TRACK D LTD","-9,999","280","280","100",,,,"0","2,004","2,002","No","Tax-exempt bond received","No","Yes",,,,"No","0",,"0",,,"0",,,,,,,,,,,"New Construction","30 % present value","Not in DDA","In a qualified tract","Yes","0"
"-96.7365112305","POINT (-96.73651122999996 32.76317977900004)","481130115001","TXA0000541","32.7631797791","SOUTHDALE APTS","3727 DIXON AVE","DALLAS","TX","75210",,"-9,999","187","0","-9,999",,,,"0","-9,999","-9,999",,,,,,,,,"0",,"0",,,"0",,,,,,,,,,,"Not Indicated","Not Indicated",,,"Yes","0"
"-96.8906936646","POINT (-96.89069366499996 32.70655441300005)","481130108051","TXA2007345","32.7065544128","SPHINX AT LUXAR VILLAS","3110 S COCKRELL HILL RD","DALLAS","TX","75236","SPHINX DEVELOPMENT CORP","858,445","100","96","96","0 Eff, 23 1BR, 42 2BR, 0 3BR, 0 4BR","60% AMGI","Yes","10","2,007","2,005","No","Increase in eligible basis","Yes","No",,,,"No","0","No","0",,,"0",,,,,"No",,,,,,"New Construction","70 % present value","Not in DDA","In a qualified tract","Yes","0"
"-96.8721472589","POINT (-96.87214725899997 32.87571939700007)","481130098044","TXA1992130","32.8757193967","MANOR ON THE PARK","3122 PARK LN","DALLAS","TX","75220","MITCHELL KENNETH H CPA","-9,999","86","86","100","0 Eff, 26 1BR, 43 2BR, 0 3BR, 0 4BR",,,"0","1,992","1,990","No",,"No",,,"No",,,"0",,"0",,,"0",,,,,,,,,,,"Acquisition and Rehab","Not Indicated","Not in DDA","Not in a qualified tract","Yes","0"
"-96.865981383","POINT (-96.86598138299996 32.759678687000076)","481130069003","TXA1991315","32.7596786867","MILL RUN","2732 W COLORADO BLVD","DALLAS","TX","75211","MITCHELL KENNETH H CPA","-9,999","112","112","100","0 Eff, 44 1BR, 68 2BR, 0 3BR, 0 4BR",,,"0","1,991","1,991","No","Increase in eligible basis","Yes",,,"No",,,"0",,"0",,,"0",,,,,,,,,,,"Acquisition and Rehab","Not Indicated","Not in DDA","In a qualified tract","Yes","0"
"-96.7856826782","POINT (-96.78568267799994 32.812671661000024)","481130008001","TXA1997180","32.8126716614","BIRCHWOOD APTS","4829 COLES MANOR PL","DALLAS","TX","75204","TEXAS BIRCHWOOD APTS LP","-9,999","293","293","100","0 Eff, 171 1BR, 78 2BR, 0 3BR, 0 4BR",,,"0","1,997","1,996","No","Increase in eligible basis","Yes","No",,"No",,,"0",,"0",,,"0",,,,,,,,,,,"Acquisition and Rehab","Both 30% and 70% present value","Not in DDA","In a qualified tract","Yes","0"
"-96.8289031982","POINT (-96.82890319799998 32.72901916500007)","481130062001","TXA2014005","32.729019165","HIGHPOINT SENIOR LIVING","1615 S ZANG BLVD","DALLAS","TX","75224","WYNNEWOOD SENIORS HOUSING LP","-9,999","140","140","100",,"60% AMGI",,"0","2,014","2,011","No","Rental assistance contract","No","No",,,,"No","0","No","0",,,"0",,,,,"No",,,,,,"Not Indicated","Not Indicated","Not in DDA","Not in a qualified tract","Yes","0"
"-96.7072906494","POINT (-96.70729064899996 32.83051300000005)","481130081001","TXA1991505","32.8305130005","WHITE ROCK CREEK APTS","1041 KNOB OAK DR","DALLAS","TX",,"MITCHELL KENNETH H CPA","-9,999","152","152","100","17 Eff, 80 1BR, 55 2BR, 17 3BR, 0 4BR",,,"0","1,991","1,990","No",,"No",,,"No",,,"0",,"0",,,"0",,,,,,,,,,,"Acquisition and Rehab","Not Indicated","Not in DDA","Not in a qualified tract","Yes","0"
"-96.8785851286","POINT (-96.87858512899999 32.72092766800006)","481130064021","TXA1990240","32.7209276676","PARK CREEK MANOR","2530 COOMBS CREEK DR","DALLAS","TX","75211","PARK CREEK MANOR LP","-9,999","297","297","100","0 Eff, 18 1BR, 189 2BR, 0 3BR, 34 4BR",,,"0","1,990","1,988","No",,"No",,,"No",,,"0",,"0",,,"0",,,,,,,,,,,"New Construction","Not Indicated","Not in DDA","Not in a qualified tract","Yes","0"
"-96.7923278809","POINT (-96.79232788099995 32.770908356000064)","481130204001","TXA0000033","32.7709083557","1400 BELLEVIEW","1400 BELLVIEW ST","DALLAS","TX","75215","1400 BELLEVIEW LP","155,700","164","164","100",,"60% AMGI","Yes","3","-9,999","2,012","No",,"No","No","No","No","No","No","0","No","0","No","No","0",,"No",,"No","No",,,,,,"Not Indicated","70 % present value",,,"Yes","0"
"-96.7485733032","POINT (-96.74857330299994 32.85886001600005)","481130078091","TXA1996225","32.8588600159","WILLOW POND APTS","6003 ABRAMS RD","DALLAS","TX","75231","DALLAS","-9,999","386","386","100","0 Eff, 246 1BR, 107 2BR, 0 3BR, 0 4BR",,,"0","1,996","1,994","No",,"No","No",,"No",,,"0",,"0",,,"0",,,,,,,,,,,"Acquisition and Rehab","70 % present value","Not in DDA","Not in a qualified tract","Yes","0"
"-96.7871322632","POINT (-96.78713226299999 32.804908752000074)","481130008004","TXA1998250","32.8049087524","TREYMORE NORTH APTS","4144 OFFICE PKWY","DALLAS","TX","75204","CGB SW INC GP","-9,999","70","52","74.29","0 Eff, 36 1BR, 16 2BR, 0 3BR, 0 4BR",,,"0","1,998","1,996","No","Increase in eligible basis","Yes","No",,"No",,,"0",,"0",,,"0",,,,,,,,,,,"New Construction","70 % present value","Not in DDA","In a qualified tract","Yes","0"
"-96.7559204102","POINT (-96.75592040999999 32.93872833300003)","481130192132","TXA1995010","32.9387283325","AMBER DAWN APTS","8542 SPRING VALLEY RD","DALLAS","TX","75240","SPRING VALLEY JOINT VENTURE","-9,999","157","145","92.36","3 Eff, 28 1BR, 116 2BR, 3 3BR, 10 4BR",,,"0","1,995","1,993","Yes","Increase in eligible basis","Yes","No",,"No",,,"0",,"0",,,"0",,,,,,,,,,,"Acquisition and Rehab","70 % present value","Not in DDA","In a qualified tract","Yes","0"
"-96.7586135864","POINT (-96.75861358599997 32.86439132700008)","481130078191","TXA1991145","32.8643913269","CROSS CREEK APTS","6033 E NW HWY","DALLAS","TX","75231","MITCHELL KENNETH H CPA","-9,999","264","264","100","0 Eff, 190 1BR, 63 2BR, 0 3BR, 0 4BR",,,"0","1,991","1,990","No",,"No",,,"No",,,"0",,"0",,,"0",,,,,,,,,,,"Acquisition and Rehab","Not Indicated","Not in DDA","Not in a qualified tract","Yes","0"
"-96.714630127","POINT (-96.71463012699996 32.80242538500005)","481130122081","TXA1992180","32.8024253845","ROSEWOOD APTS","2229 HIGHLAND RD","DALLAS","TX","75228","MITCHELL KENNETH H CPA","-9,999","88","88","100","0 Eff, 14 1BR, 63 2BR, 0 3BR, 0 4BR",,,"0","1,992","1,992","Yes",,"No",,,"No",,,"0",,"0",,,"0",,,,,,,,,,,"Acquisition and Rehab","Not Indicated","Not in DDA","Not in a qualified tract","Yes","0"
"-96.8742675781","POINT (-96.87426757799994 32.85599136400003)","481130072015","TXA1992200","32.8559913635","STARLIGHT APTS","9709 STARLIGHT RD","DALLAS","TX","75220","MITCHELL KENNETH H CPA","-9,999","71","64","90.14","0 Eff, 39 1BR, 32 2BR, 0 3BR, 0 4BR",,,"0","1,992","1,992","No",,"No",,,"No",,,"0",,"0",,,"0",,,,,,,,,,,"Acquisition and Rehab","Not Indicated","Not in DDA","Not in a qualified tract","Yes","0"
"-96.8689148115","POINT (-96.86891481199996 32.75787810200006)","481130069003","TXA1991200","32.7578781017","FRENCH COLONY","1235 HARTSDALE DR","DALLAS","TX","75211","MITCHELL KENNETH H CPA","-9,999","94","94","100","0 Eff, 42 1BR, 52 2BR, 0 3BR, 0 4BR",,,"0","1,991","1,991","No","Increase in eligible basis","Yes",,,"No",,,"0",,"0",,,"0",,,,,,,,,,,"Acquisition and Rehab","Not Indicated","Not in DDA","In a qualified tract","Yes","0"
"-96.8889967441","POINT (-96.88899674399994 32.70615116100004)","481130108051","TXA1999035","32.7061511611","COLUMBIA LUXAR TOWNHOMES","3120 GUADALUPE AVE","DALLAS","TX","75233","COLUMBIA RESIDENTIAL","-9,999","125","125","100","0 Eff, 0 1BR, 0 2BR, 0 3BR, 0 4BR",,,"0","1,999","1,997","No","Increase in eligible basis","Yes","No",,"No",,,"0",,"0",,,"0",,,,,,,,,,,"New Construction","70 % present value","Not in DDA","In a qualified tract","Yes","0"
"-96.737763","POINT (-96.73776299999997 32.77911700000004)","481130025001","TXA2010015","32.779117","CARPENTER'S POINT","4645 DOLPHIN RD","DALLAS","TX","75223","CARPENTER'S POINT LP","-9,999","150","150","100","0 Eff, 126 1BR, 24 2BR, 0 3BR, 0 4BR","60% AMGI",,"0","2,010","2,008","No","TCEP funds","No","No",,,,"No","0","No","0",,,"0",,,,"Yes","Yes","No","No","No","No","UNSPECIFIED","Not Indicated","Not Indicated","Not in DDA","In a qualified tract","Yes","0"
"-96.8656387329","POINT (-96.86563873299997 32.64469146700003)","481130166052","TXA2000055","32.6446914673","GREENS OF HICKORY TRAIL","8613 OLD HICKORY TRAIL","DALLAS","TX","75237","BRISBEN HICKORY LP","-9,999","250","248","99.2",,,,"0","2,000","1,998",,"Increase in eligible basis, Tax-exempt bond received","Yes","Yes",,,,,"0",,"0",,,"0",,,,,,,,,,,"New Construction","30 % present value","Not in DDA","In a qualified tract","Yes","0"
"-96.6931493976","POINT (-96.69314939799995 32.71275314600007)","481130116011","TXA2004330","32.712753146","SPHINX AT MURDEAUX","125 S MURDEAUX LN","DALLAS","TX","75217","SPHINX DEVELOPMENT CORP","-9,999","240","240","100",,,,"0","2,004","2,002","No","Tax-exempt bond received","No","Yes",,,,"No","0",,"0",,,"0",,,,,,,,,,,"New Construction","30 % present value","Not in DDA","Not in a qualified tract","Yes","0"
"-96.7718811035","POINT (-96.77188110399999 32.80242538500005)","481130014002","TXA1991185","32.8024253845","FITZHUGH PLACE APTS",,"DALLAS","TX",,"MITCHELL KENNETH H CPA","-9,999","52","52","100","6 Eff, 43 1BR, 3 2BR, 6 3BR, 0 4BR",,,"0","1,991","1,990","No",,"No",,,"No",,,"0",,"0",,,"0",,,,,,,,,,,"Acquisition and Rehab","Not Indicated",,,"Yes","0"
"-96.8530428326","POINT (-96.85304283299996 32.81661354500005)","481130100002","TXA2002240","32.816613545","ROSEMONT AT ARLINGTON PARK","1716 CHATTANOOGA PL","DALLAS","TX","75235","PINNACLE FAMILY OF COMPANIES - TEXAS OFFICE","-9,999","100","75","75",,,,"0","2,002","2,000",,,,,,,,,"0",,"0",,,"0",,,,,,,,,,,"Not Indicated","Not Indicated","Not in DDA","In a qualified tract","Yes","0"
"-96.8282241821","POINT (-96.82822418199999 32.726951599000074)","481130062001","TXA1998235","32.7269515991","PARKS AT WYNNEWOOD","1910 ARGENTIA DR","DALLAS","TX","75224","DALLAS CITY HOMES INC","-9,999","172","172","100","0 Eff, 8 1BR, 66 2BR, 0 3BR, 48 4BR",,,"0","1,998","1,995","No",,"No","No",,"No",,,"0",,"0",,,"0",,,,,,,,,,,"Acquisition and Rehab","70 % present value","Not in DDA","Not in a qualified tract","Yes","0"
"-96.7882003784","POINT (-96.78820037799994 32.67008209200003)","481130113001","TXA2012836","32.6700820923","MAGNOLIA TRACE","6712 PATROL WAY","DALLAS","TX","75241","UHF MAGNOLIA TRACE LP","-9,999","112","112","100",,"60% AMGI",,"0","2,012","2,009","No",,"No","No",,,,"No","0","No","0",,,"0",,,,,"No",,,,,,"Not Indicated","Not Indicated","Not in DDA","Not in a qualified tract","Yes","0"
"-96.7483023338","POINT (-96.74830233399996 32.75805114100007)","481130039012","TXA2004290","32.7580511407","ROSEMONT AT MEADOW LANE","4722 MEADOW ST","DALLAS","TX","75215","PINNACLE FAMILY OF COMPANIES - TEXAS OFFICE","-9,999","264","264","100",,,,"0","2,004","2,003","No","Tax-exempt bond received","No","Yes",,,,"No","0",,"0",,,"0",,,,,,,,,,,"New Construction","30 % present value","Not in DDA","In a qualified tract","Yes","0"
"-96.7786281591","POINT (-96.77862815899994 32.71401926200008)","481130088026","TXA1988465","32.7140192617","EL SHADDAI","2836 E OVERTON RD","DALLAS","TX","75216","WILSHIRE","-9,999","100","100","100","0 Eff, 20 1BR, 20 2BR, 0 3BR, 30 4BR",,,"0","1,988","1,987","No",,"No",,,"No",,,"0",,"0",,,"0",,,,,,,,,,,"Existing","Not Indicated","Not in DDA","In a qualified tract","No","0"
"-96.8931186386","POINT (-96.89311863899997 32.75880660300004)","481130107011","TXA2005080","32.7588066029","CHURCHILL AT PINNACLE PARK","1411 N COCKRELL HILL RD","DALLAS","TX","75211","CHURCHILL AT PINNACLE PARK LP","-9,999","200","200","100",,,,"0","2,005","2,004","No","Tax-exempt bond received","No","Yes",,"No",,"No","0","No","0","No",,"0",,,,,"No",,,,,,"New Construction","30 % present value","Not in DDA","In a qualified tract","Yes","0"
